timestamp,sensor_temp_c,sensor_pres_psi,vibration_level,flow_rate_m3h,status
2026-05-10 00:00:00,63.53424919699969,169.77440694312384,0.7449897502078916,229.25107404543556,1
2026-05-10 00:10:00,53.1406635439223,158.87827955332293,1.5502192562359611,230.17703785398797,0
2026-05-10 00:20:00,54.53984723238271,154.2315964867862,1.4729565018394113,248.05263193898278,0
2026-05-10 00:30:00,52.519128769111965,166.56382481748952,1.1800645754348003,248.86956614035896,0
2026-05-10 00:40:00,53.25558973971634,152.3641507528786,1.1373405642214287,235.2080510071252,0
2026-05-10 00:50:00,48.40340977703483,161.2507817894864,0.6485647328833188,204.7896816295987,0
2026-05-10 01:00:00,45.759615082981846,159.6976340723929,1.6970973565350367,257.4905252457593,0
2026-05-10 01:10:00,53.029826747474665,175.73782212440594,1.8583384033499921,230.46863452933823,0
2026-05-10 01:20:00,39.90915877981304,158.8051646428693,1.0916946498104256,293.42016006038466,0
2026-05-10 01:30:00,53.70061028528053,165.34036935887508,1.332046355822162,215.96620314560664,0
2026-05-10 01:40:00,52.6440674704468,144.6252529403648,0.5833302911668826,249.86755894251723,0
2026-05-10 01:50:00,47.05499733356709,156.5963655228141,1.085550454323808,236.8875411059036,0
2026-05-10 02:00:00,50.94347654724612,179.57020385851217,1.3653029176354305,253.41152407498316,0
2026-05-10 02:10:00,46.20563971894767,180.3826693960584,1.0167851062411808,230.4800259442974,0
2026-05-10 02:20:00,45.33381391849541,170.25532932070382,1.0221465313424503,260.0300109349772,0
2026-05-10 02:30:00,,151.91171111485968,1.0066826752378193,245.76877075442877,0
2026-05-10 02:40:00,,147.93034108544884,1.2354797138371585,214.5174575969515,0
2026-05-10 02:50:00,,147.63726638405424,1.8512886898085756,223.08148444537358,0
2026-05-10 03:00:00,,151.69788788225333,1.5052546413489702,225.08824848965068,1
2026-05-10 03:10:00,,165.53094794778175,1.073788922434854,248.99473246763074,0
2026-05-10 03:20:00,51.51332724292591,149.2298953001276,1.373048304997866,248.42975586745212,0
2026-05-10 03:30:00,58.46861462602018,144.5774573754031,1.7443953529674245,252.76510015862513,0
2026-05-10 03:40:00,41.469570346324616,142.2253754223858,1.1215490162390092,224.44655320193203,0
2026-05-10 03:50:00,44.20440292225785,149.0854557787426,1.1235908718163843,232.60518343593304,0
2026-05-10 04:00:00,49.325796396969935,128.82973376283147,1.492328483331692,235.20011388750416,0
2026-05-10 04:10:00,51.952639213668704,137.34415584983907,1.2090513293897298,233.9737410446081,0
2026-05-10 04:20:00,50.83452318046407,145.2951273736309,1.3817592457806644,244.75440440314654,0
2026-05-10 04:30:00,50.922509296411214,154.85611413675306,1.223703605555661,265.38708377352157,0
2026-05-10 04:40:00,54.03852957128857,184.37698663491088,1.1482427595910376,247.3137766269686,0
2026-05-10 04:50:00,50.36479837658519,171.72877753283615,2.1157336382350866,271.05505924808534,1
2026-05-10 05:00:00,53.19393506749664,163.22692213060722,0.9473708095134148,245.24549113250242,0
2026-05-10 05:10:00,51.648231494022625,136.04475554033422,1.0944826309265847,212.84719873266312,0
2026-05-10 05:20:00,47.51447988555334,152.22852369526632,1.388577262258646,254.39646179587442,0
2026-05-10 05:30:00,46.22965149479968,169.56736940796068,1.4634803184485563,230.28846482376846,0
2026-05-10 05:40:00,45.28296798374034,179.1700693080582,1.1834012503861502,208.00592628514846,0
2026-05-10 05:50:00,52.42375823590817,125.00342161991061,1.118052587043891,259.8042521043625,0
2026-05-10 06:00:00,49.416133417664625,180.49127002707831,1.2147099956420506,239.45953279259732,0
2026-05-10 06:10:00,59.508773976302564,157.36148633823785,1.1094056833755201,203.74395520983762,0
2026-05-10 06:20:00,51.19063479384509,173.74607768416013,1.368789220225098,214.99901587051247,0
2026-05-10 06:30:00,59.98326142684783,151.39989195815335,0.8274506917165658,248.47642507990443,0
2026-05-10 06:40:00,45.03368250013317,159.11508413697348,1.1084740260223964,220.94696179554236,0
2026-05-10 06:50:00,50.9839975249567,141.86730140116663,1.3423490514518681,254.1530085113516,0
2026-05-10 07:00:00,44.316777031954075,161.34012849987568,1.3944839928933008,255.6446527104087,0
2026-05-10 07:10:00,50.00183239802822,183.2268708292924,1.1921053665449761,236.48897200497854,0
2026-05-10 07:20:00,55.129920760407856,179.7203168952603,1.4378143850638292,249.57950515397184,0
2026-05-10 07:30:00,49.21701047855506,999.99,0.4937225780258606,240.90582480950732,0
2026-05-10 07:40:00,49.84210428045944,147.88352738079377,1.1963351853180642,244.46807433443416,0
2026-05-10 07:50:00,53.24912916745423,156.35005863364512,0.9729116711861754,290.16424534985316,0
2026-05-10 08:00:00,60.774232216297364,151.1668506825656,1.386809606177305,230.17569308560874,0
2026-05-10 08:10:00,46.948705720886295,165.17526011166714,1.355264703465291,250.98875571421323,0
2026-05-10 08:20:00,46.22337329994721,174.76874707572145,1.7252146387130272,259.8075763262245,0
2026-05-10 08:30:00,48.267907482407274,142.24113633108567,0.9469919318399133,270.4467609173675,0
2026-05-10 08:40:00,50.73513385662062,151.94408092141222,0.6626046782328205,245.4635270700091,0
2026-05-10 08:50:00,47.60275980479452,173.96238244053527,1.6217517950980105,257.80636996353155,0
2026-05-10 09:00:00,52.79384703221533,176.57341663138956,1.2116534595749007,254.120031142038,0
2026-05-10 09:10:00,55.12405139168608,141.80901973983993,1.0950691222473041,236.49117594643602,0
2026-05-10 09:20:00,45.370628705950466,158.81380428765556,1.4363016068811034,245.861075491661,0
2026-05-10 09:30:00,59.314320692469764,178.59644202201076,0.6324708105181882,242.8169175823452,0
2026-05-10 09:40:00,44.33091419208105,178.49360862710375,1.0192524929126534,236.77792116803622,0
2026-05-10 09:50:00,53.05238953769232,154.48517623833797,1.2162376803994461,241.82746131579293,0
2026-05-10 10:00:00,51.93015156056776,176.21202075950842,1.184595272784956,194.14003014387345,0
2026-05-10 10:10:00,60.42009265169481,165.5549834538041,1.24325479893954,271.32077571538275,0
2026-05-10 10:20:00,48.1174066237538,145.59963962635885,1.4285269822297475,238.25675866431376,0
2026-05-10 10:30:00,51.151681717962035,185.37205938361356,1.2198400966218137,233.4328518945804,0
2026-05-10 10:40:00,53.40604646293379,153.8345753608492,0.9757781424144334,250.76944235597466,0
2026-05-10 10:50:00,55.17562537386961,158.21548192528022,0.9952491345016654,228.9019638571766,0
2026-05-10 11:00:00,49.8441975925345,136.25443867062697,1.3266975107942198,255.04336588703387,0
2026-05-10 11:10:00,59.6996615549631,152.5315202759002,1.6058927277768837,227.67608111613853,0
2026-05-10 11:20:00,44.97406541371867,149.2608994379786,1.1463992404459216,264.04250741051936,0
2026-05-10 11:30:00,46.291051476655376,133.2896927166909,1.7497354187534548,263.7386722133886,0
2026-05-10 11:40:00,50.93562260882097,166.52538133886563,1.0797355088517777,240.51987634530371,0
2026-05-10 11:50:00,46.3357742622856,149.26082049953823,1.0787444217761262,236.83334470151974,0
2026-05-10 12:00:00,43.08539950942066,173.89784302610596,1.2098412087738366,225.1288227984835,0
2026-05-10 12:10:00,57.41247748041725,155.50197544592294,1.8928969888091882,225.46308801682608,0
2026-05-10 12:20:00,54.80729078045918,176.9561273723289,1.0090177951055732,243.53801129698792,0
2026-05-10 12:30:00,39.29393854459537,160.82102845233962,0.9413127107583894,199.93048494110576,0
2026-05-10 12:40:00,54.962867265263476,157.16489277816694,1.5203548717199031,253.09420219232877,0
2026-05-10 12:50:00,55.96120318637743,156.99173528268577,1.3828284402934947,262.13532226994926,0
2026-05-10 13:00:00,44.76610231150751,147.2814863969459,0.9017715725607227,243.34139475462263,0
2026-05-10 13:10:00,56.46382288464676,152.53376512143902,1.3384505402331395,245.71166932728397,0
2026-05-10 13:20:00,42.6624298983195,172.35640221200316,1.4879828187278794,235.17918297223628,0
2026-05-10 13:30:00,47.52952320830438,172.21314082543438,1.2146985316233156,204.00292592921514,0
2026-05-10 13:40:00,49.187326326136926,158.02008865195634,1.3701377409764757,262.54425733441605,0
2026-05-10 13:50:00,52.4290436872743,158.66382819481214,1.2766204214034673,223.34183355847657,0
2026-05-10 14:00:00,51.96244405539722,139.4618874744491,1.14267565954904,215.1313957710609,0
2026-05-10 14:10:00,51.107453425017724,152.5426150398335,1.0006410238182393,255.4040535077238,0
2026-05-10 14:20:00,45.72401979610953,152.00066261147563,1.3032050273406466,226.79256750587402,0
2026-05-10 14:30:00,57.70995204015616,140.09343521284805,1.2388892750243459,230.38972954724122,0
2026-05-10 14:40:00,53.33159660459907,-50.0,0.9985299133880075,240.10907367929534,0
2026-05-10 14:50:00,47.308826872413036,156.95233990577665,1.3647823550122553,238.85937170592513,0
2026-05-10 15:00:00,47.157093196649406,158.13675075134643,1.0546476893024854,242.89598444186612,0
2026-05-10 15:10:00,57.036691239804696,171.658735426223,1.2808621687064774,255.1728646769818,0
2026-05-10 15:20:00,53.20902755722502,146.1833214141061,1.7654222493585123,252.5826702559433,0
2026-05-10 15:30:00,45.474500490947804,170.235477545634,0.9113574873043626,223.97033941468044,0
2026-05-10 15:40:00,48.044216864070584,126.0220485881766,1.1399407547127915,222.65070627893374,0
2026-05-10 15:50:00,55.141465804093514,151.34389696608454,1.2963130972858208,221.69421734038002,0
2026-05-10 16:00:00,40.13697448195308,129.82442378614272,1.0895286642341602,201.87195866287985,0
2026-05-10 16:10:00,45.665574823458364,178.50915940515566,1.4117027936256121,229.87578572276254,0
2026-05-10 16:20:00,53.60393799379356,171.1088864303847,0.9810175791168765,214.34593421630055,0
2026-05-10 16:30:00,43.88458981047685,150.37656309659286,0.7002722514624354,242.55982682592688,0
2026-05-10 16:40:00,58.0338993061803,160.0807362490468,0.8720923199154273,232.47459123930147,0
2026-05-10 16:50:00,44.42145016268582,147.2144321543462,1.0488514456829165,262.00093081019253,0
2026-05-10 17:00:00,43.07310721542542,166.18467561207825,1.6193381576902293,235.26181595342962,0
2026-05-10 17:10:00,43.35169970587603,171.59842009276497,1.3486844015084483,241.43815446988063,0
2026-05-10 17:20:00,50.20729971441791,150.83578887931915,0.6800467046577562,233.2683523294283,0
2026-05-10 17:30:00,47.944722983937474,165.78792356228462,0.8337087498304592,208.63072738876954,0
2026-05-10 17:40:00,46.14335697631349,147.16974962125235,1.2262094361890326,222.47220627464645,0
2026-05-10 17:50:00,50.552387055651614,155.0743751048053,1.4529967867270805,220.16293815933682,0
2026-05-10 18:00:00,45.976742442467966,163.29229772365704,0.908222554681052,235.71545300278055,0
2026-05-10 18:10:00,51.26774020739827,171.4761997900616,1.3020337835502418,234.86321368795777,0
2026-05-10 18:20:00,53.245738732235935,150.11137031114362,1.0202954744867354,257.7482355311853,0
2026-05-10 18:30:00,51.794702626875306,158.38136090408887,1.2051515559802772,226.23899577218006,0
2026-05-10 18:40:00,44.597642687644104,166.780611163749,1.1687412611727428,223.43845094986546,0
2026-05-10 18:50:00,54.51198878600431,171.5685517655707,1.6972140748014612,245.55284734249733,0
2026-05-10 19:00:00,50.80890594120247,181.0535198674214,0.9809798356548638,209.40770631890564,0
2026-05-10 19:10:00,54.16514662087574,157.54767444140626,1.0560769562062955,278.99157874181486,0
2026-05-10 19:20:00,54.87859840171842,188.97611762066265,1.58685856339864,271.2417826548891,0
2026-05-10 19:30:00,48.058806500349185,148.09413157923515,1.104021880063248,259.5774921581008,0
2026-05-10 19:40:00,53.916580254052114,172.78139070843602,1.467977131738215,217.02298560577847,0
2026-05-10 19:50:00,46.45523131160704,184.14118552472289,0.8510962232914245,249.2741406542537,0
2026-05-10 20:00:00,52.93423647701952,187.98723042000302,0.8716071370918292,241.18436323154145,0
2026-05-10 20:10:00,41.89326087272763,158.46637720680107,1.3233530290660784,209.28953767830052,0
2026-05-10 20:20:00,53.38767556947819,144.2948227498326,1.2089102227032935,253.44622152608542,0
2026-05-10 20:30:00,50.130527401613385,137.22937507317206,0.8005626476924103,226.66010509026273,0
2026-05-10 20:40:00,41.60858171001712,153.66450498188075,1.1968108985216137,224.16688012952915,0
2026-05-10 20:50:00,51.669865505906884,132.5436050516975,1.6213444256917666,235.87081837534032,0
2026-05-10 21:00:00,47.33764737238751,148.2896074181997,1.4227586286683305,257.1804475248871,0
2026-05-10 21:10:00,60.5886369101136,132.79975882290628,1.4700953428079613,246.59807087134894,0
2026-05-10 21:20:00,50.987619928739875,165.11515148098184,0.9754991176067118,261.1475386406599,0
2026-05-10 21:30:00,61.51493632675453,176.7599277711835,1.3062611017340744,197.72128533617365,0
2026-05-10 21:40:00,53.64511866067723,157.7037896679218,1.412063470071196,230.18314348423849,0
2026-05-10 21:50:00,45.68454365466804,181.9715960375686,0.9834712052462833,237.1078947606564,0
2026-05-10 22:00:00,51.52815755754868,154.9692740995356,1.343365777633153,225.3050922905099,0
2026-05-10 22:10:00,51.215888069202464,169.65287017391225,0.8444165338479819,231.1718120812545,0
2026-05-10 22:20:00,54.32082439104769,145.75679500316528,1.2819405707786484,216.28417416217826,0
2026-05-10 22:30:00,42.19534276392946,163.59748846885162,1.0762589015896509,265.62802314398914,0
2026-05-10 22:40:00,48.740515241876174,172.31858781935128,1.7936157199024902,254.15720065974725,0
2026-05-10 22:50:00,47.109398706763464,165.4071420261885,1.0714829971755189,253.2924176776091,0
2026-05-10 23:00:00,51.184978152066684,175.86266393598632,1.202906687716153,220.02612589140563,0
2026-05-10 23:10:00,51.003902345035904,162.58091755018947,0.933406975300811,238.79400780156703,0
2026-05-10 23:20:00,51.63922370134865,161.54660952174171,1.612445207820002,238.18433401156855,0
2026-05-10 23:30:00,53.37242593494825,162.80008005695313,0.7902219052736166,213.67084792554954,0
2026-05-10 23:40:00,49.12971729372471,178.43337688180753,1.0450649250065276,235.4169958694698,0
2026-05-10 23:50:00,53.900698575330495,166.12176899358482,0.659707050676341,223.98185424463654,0
2026-05-11 00:00:00,48.08370934274773,167.2460455836573,0.8127335914259315,220.1012575638672,0
2026-05-11 00:10:00,47.95340758026275,163.33669816813966,1.4088729250455665,222.6052469325833,0
2026-05-11 00:20:00,51.717695932792246,177.96628734475087,1.3447003894491272,228.64926963196302,0
2026-05-11 00:30:00,50.98137658049697,124.89689322725414,1.455654822527743,250.92274011245368,0
2026-05-11 00:40:00,45.08612001533982,150.72649870365626,1.4452245286946241,266.56229781723493,0
2026-05-11 00:50:00,61.157776217231,160.95016694561872,1.3157149347004773,246.78339133236784,0
2026-05-11 01:00:00,45.143037170249464,162.22341225878526,1.2427308852199117,,0
2026-05-11 01:10:00,42.38833563064745,137.86815944974754,0.449388156510903,,0
2026-05-11 01:20:00,55.66851495388302,183.57529590867762,1.199766199002102,,0
2026-05-11 01:30:00,52.640933672260985,162.90560611564294,0.9725615453325784,,0
2026-05-11 01:40:00,51.96730380077664,151.97169103574018,1.3658248838465734,,0
2026-05-11 01:50:00,46.84746683499052,181.26334590361358,1.3929066152418463,,0
2026-05-11 02:00:00,43.00855160864198,174.5234034491792,1.0803936119173303,,0
2026-05-11 02:10:00,48.903446419519646,137.87313161312093,0.9601740539475607,,0
2026-05-11 02:20:00,49.77161760129357,127.1290898734398,1.5194998135759241,234.91122104114174,0
2026-05-11 02:30:00,50.06210495127647,146.98927741536448,1.1790439299441167,228.45797761528607,0
2026-05-11 02:40:00,50.468139923653794,173.1706766264685,0.9785381466554463,230.03888366695122,0
2026-05-11 02:50:00,56.20406306582602,172.63161239894896,1.4869522988669797,219.19903802666994,0
2026-05-11 03:00:00,44.51153488467546,165.28954294948937,1.3425278310101394,287.06830142077644,0
2026-05-11 03:10:00,40.45995589383617,172.61786797059833,1.6001586226951336,241.81760915501553,0
2026-05-11 03:20:00,48.0994824897432,157.1867068197905,1.0540205589078737,229.39061290015937,0
2026-05-11 03:30:00,41.669704107146764,178.19828122351635,1.3248775075302586,178.1905792798683,0
2026-05-11 03:40:00,36.31502702176635,173.05730002361625,1.3481179012136708,256.8836502315804,0
2026-05-11 03:50:00,57.6128105533402,146.3844820910265,1.404766136283507,246.2134300258469,0
2026-05-11 04:00:00,50.89004545679263,159.20297564304468,0.6073622604248261,203.81715905302713,0
2026-05-11 04:10:00,46.86597297438401,161.31885542006103,0.8461884014512597,229.611225343712,0
2026-05-11 04:20:00,48.04455516519852,173.00910928634946,1.49675199306993,236.53297216109067,0
2026-05-11 04:30:00,58.71738473561353,145.8150259110467,1.637280127030599,252.42830094878286,0
2026-05-11 04:40:00,55.65009026374691,159.023500945281,1.1896783778188331,194.9257231713715,0
2026-05-11 04:50:00,54.48898155559461,168.7606782282774,1.199076524607241,235.15272872617282,0
2026-05-11 05:00:00,51.654328102242324,152.72853205836444,1.616345339816632,241.77584561455612,0
2026-05-11 05:10:00,44.684755531908344,174.12958253744517,1.1901567195196698,203.45517462364907,0
2026-05-11 05:20:00,49.3730959930544,171.79677610267828,1.3391990311814426,247.3927841396869,0
2026-05-11 05:30:00,45.27205937632917,151.49738417306375,0.8872301595856222,238.63334517878394,0
2026-05-11 05:40:00,60.14772092459957,159.72413523104632,0.9190951620439725,209.29949511995324,0
2026-05-11 05:50:00,44.76820807038884,163.19479828844905,0.9639570902833187,232.93719365520343,0
2026-05-11 06:00:00,43.46758847455752,159.7122283881912,1.4036012321984332,231.77339372977556,0
2026-05-11 06:10:00,41.83538001591559,143.93636605402037,1.336549724139292,235.65700341893603,0
2026-05-11 06:20:00,54.01064684941136,148.47560844904308,1.7817218236924708,227.67800254793167,0
2026-05-11 06:30:00,41.662316095856774,186.7408720224004,1.1553342584908222,252.17568275604808,0
2026-05-11 06:40:00,53.04428645900916,153.56942557463233,0.9850143027988357,195.92692786780134,0
2026-05-11 06:50:00,51.4323649398028,168.16382498532573,1.3142120875757528,230.6018616124528,0
2026-05-11 07:00:00,48.97103850862498,152.36808005100661,1.534257385959737,253.19714090359392,0
2026-05-11 07:10:00,62.46995092876028,130.64580731539323,0.5568870825053266,249.56106628622646,0
2026-05-11 07:20:00,47.263700558485226,191.1038653841721,1.6397751688057216,238.0338834861011,0
2026-05-11 07:30:00,52.48363477067373,147.3833309366351,0.9872899937672215,228.4722688949706,0
2026-05-11 07:40:00,43.82192869266703,161.36595010316577,1.0627400387865746,234.71756980649187,0
2026-05-11 07:50:00,46.00786019632383,146.99981993837318,1.150829708517824,214.08536948538986,0
2026-05-11 08:00:00,53.77060716641433,153.59969919426018,1.0697898799528878,257.4169817572916,0
2026-05-11 08:10:00,46.139796780148714,158.3686937651107,1.0232465128916441,246.75891435572984,0
2026-05-11 08:20:00,49.827841815133475,152.89197078656818,0.9077862972978923,224.77879517776933,0
2026-05-11 08:30:00,53.44204212208424,166.94550077796305,1.5517886656097533,246.60563612921547,0
2026-05-11 08:40:00,50.40761678882669,185.6475650077387,1.2485408927135957,201.9603105602755,0
2026-05-11 08:50:00,47.924044419321994,154.7631972868171,1.2849000443801706,217.13416585705818,0
2026-05-11 09:00:00,50.26830728958776,178.5417275838086,1.2185366143433596,262.5755662936818,0
2026-05-11 09:10:00,39.424434511438115,150.35110294401971,0.8587882701352236,267.12832197774054,0
2026-05-11 09:20:00,48.602448927382085,166.1911390044241,1.584347551632678,224.65656935511822,0
2026-05-11 09:30:00,55.313552080705364,151.011447787635,1.2276601981182524,227.70936835785704,0
2026-05-11 09:40:00,58.760072113378214,159.35699002475843,1.171698314448024,224.44886518013692,0
2026-05-11 09:50:00,53.4777336227289,159.07920855415927,0.9253815406994688,231.8138572969762,0
2026-05-11 10:00:00,50.768304170090815,179.36829157568854,1.3348194720643443,235.40971955382986,0
2026-05-11 10:10:00,50.838191220583255,170.38209729022967,1.346339533348143,244.49045091064622,0
2026-05-11 10:20:00,46.17034962685002,167.24133768891423,0.6877034902090979,260.60189971250355,0
2026-05-11 10:30:00,54.8114958507515,155.65945999390172,1.5565771838296556,234.48337551543784,0
2026-05-11 10:40:00,54.51412929616573,173.33239106790353,1.4422792031532825,242.2613853516911,0
2026-05-11 10:50:00,47.31045421524229,173.68315676618244,1.5400151199872862,215.20496306673022,0
2026-05-11 11:00:00,42.25164447822741,162.96893972405178,1.302266314234048,202.48308014061672,0
2026-05-11 11:10:00,52.17626461005923,151.80594754520394,0.8774346762190999,272.2562044611842,0
2026-05-11 11:20:00,56.29951844774334,163.8438008956423,1.2327793625129222,254.90505264485057,0
2026-05-11 11:30:00,47.76050824036578,139.13889573041146,1.3917905664794328,226.92886046291707,0
2026-05-11 11:40:00,51.331033896112494,176.07918239499477,1.237541178602622,236.05995577495557,0
2026-05-11 11:50:00,52.06290080714525,130.60611408462336,1.3326875173400854,235.20819877975728,0
2026-05-11 12:00:00,54.9438642253921,177.91457018261224,1.171494063147494,280.4509534937481,0
2026-05-11 12:10:00,52.5691636451784,146.53393832482274,1.1649386268404602,225.19107854362298,0
2026-05-11 12:20:00,45.35897584187906,150.2445518416713,1.6504138764743637,251.92858524755565,0
2026-05-11 12:30:00,54.234519490297025,153.31522542256576,1.8410075277166942,231.4590665453428,0
2026-05-11 12:40:00,48.507821278438904,170.35712405936738,1.0403873902586338,258.11993747055243,0
2026-05-11 12:50:00,50.1457073786869,152.4832315714569,0.9087381765467071,281.37292623698676,0
2026-05-11 13:00:00,54.4451544211326,173.32457108030172,1.995339981482012,251.8041118702502,0
2026-05-11 13:10:00,40.803695683296354,176.66348209495357,1.2525103668350657,204.48724752188258,0
2026-05-11 13:20:00,54.31797801030849,174.7743200438844,1.0803803744008769,225.72487679632994,0
2026-05-11 13:30:00,44.61704747772327,145.25631332654683,0.6902834939936922,248.9601041795104,0
2026-05-11 13:40:00,47.09808508387169,179.58697003201257,1.946250614454999,258.40056454011665,0
2026-05-11 13:50:00,56.04513642285933,151.5694290614676,1.2450921025656692,233.64472743546776,0
2026-05-11 14:00:00,56.008720141592946,192.43095870308355,1.4341921563443356,223.57074796435666,0
2026-05-11 14:10:00,45.89768418137879,153.6144730115976,1.5295235810396148,206.6375003931389,0
2026-05-11 14:20:00,44.85211421518724,126.49940683447403,1.2732752866035373,208.3190562142371,0
2026-05-11 14:30:00,42.375722316205795,175.60963377627425,1.3505379324497278,279.37296201973544,0
2026-05-11 14:40:00,45.725700493421996,156.65919109500842,1.5524996343235824,230.1959128922673,0
2026-05-11 14:50:00,58.01407768463069,143.51401347228665,1.0951445712013241,227.27164437713196,0
2026-05-11 15:00:00,50.92739493733737,144.707970492948,1.2381643890148175,228.12123135712517,0
2026-05-11 15:10:00,45.029908538901694,185.26438869823392,1.94900232016251,257.84936751533456,0
2026-05-11 15:20:00,49.34046931608106,157.1604820711958,1.1105488561254313,219.99485748171242,0
2026-05-11 15:30:00,43.324541326846926,154.53672784364056,0.9096806547280176,265.50690946629663,0
2026-05-11 15:40:00,49.55350779144806,162.82409681546437,1.188056280036548,290.38093457623694,0
2026-05-11 15:50:00,53.492832020914626,167.2417007876473,1.5675595344640512,251.14703842148072,0
2026-05-11 16:00:00,42.9543715994867,142.24770387810915,0.7128846434171071,195.29875215709922,0
2026-05-11 16:10:00,54.35453508402421,163.8245286428552,1.4238254446194014,218.71765130878615,0
2026-05-11 16:20:00,57.9290619700803,148.7469243519501,0.867489039208637,242.91146926402328,0
2026-05-11 16:30:00,54.64828920318051,159.69560801092175,1.3444352712993968,264.90534623018357,0
2026-05-11 16:40:00,47.24561998457234,161.45333569869197,1.0099128468629441,229.41990648621183,0
2026-05-11 16:50:00,54.71022488670163,209.06785805997282,0.7558022082089556,246.96992892547476,0
2026-05-11 17:00:00,45.123253249701676,179.11942315806908,1.1453093978309614,260.0420284868938,0
2026-05-11 17:10:00,44.72574701213018,203.64023868786393,0.9326674776725222,217.2398293671518,0
2026-05-11 17:20:00,60.82710558506339,155.8178532832713,0.940121278670804,234.28363854467693,0
2026-05-11 17:30:00,43.663799120883276,175.01787488448892,1.3000127371258283,239.28107633786564,0
2026-05-11 17:40:00,45.98578414251343,163.7386104994167,1.3999521688759893,200.4997128682316,0
2026-05-11 17:50:00,48.73260308609461,183.10562254030094,1.24435580995714,204.4355861887768,0
2026-05-11 18:00:00,50.45349371983593,129.30204184792362,1.868785450347103,248.87482569090412,0
2026-05-11 18:10:00,56.608576732960366,139.61048638659088,1.174934723132177,274.67742998480645,0
2026-05-11 18:20:00,53.970642532340946,134.1574772902759,0.8981942233292555,258.5933602558179,0
2026-05-11 18:30:00,56.79855988773336,173.25966398075647,0.6815497114304483,230.0416945463888,0
2026-05-11 18:40:00,53.85985019662512,147.4854938727681,1.174536466018129,248.2653030539867,0
2026-05-11 18:50:00,51.471083132663054,164.98933631433155,1.555058116179808,240.68001681976966,0
2026-05-11 19:00:00,43.04240469443464,165.09620331244577,1.3232440212851295,252.02888877510722,0
2026-05-11 19:10:00,50.73743235531795,155.9689766808073,0.8750745248843738,249.33891489450139,0
2026-05-11 19:20:00,46.352668315288724,174.01245916689842,1.172937693207964,213.40469692060734,0
2026-05-11 19:30:00,46.39945125963027,156.8403507691066,0.9025606007386092,203.7078285744008,0
2026-05-11 19:40:00,48.57371616787519,175.28578834569012,1.2066339336729877,253.40346611605813,0
2026-05-11 19:50:00,60.45269574600123,150.21901717436543,1.3063997504834668,259.14438153930735,0
2026-05-11 20:00:00,55.020280740045614,167.1654744746743,1.550340223422684,229.69735628110655,0
2026-05-11 20:10:00,55.159579300055114,169.9467740972025,1.0685782183921426,235.43520646032076,0
2026-05-11 20:20:00,44.59440861482078,136.55706414979088,1.1424147885584175,250.35723101457774,0
2026-05-11 20:30:00,49.99822519455499,162.2735349653809,1.208408405172367,247.50213230219927,0
2026-05-11 20:40:00,48.9005922579043,155.16079167108788,1.1283980167879197,223.26913726942223,0
2026-05-11 20:50:00,51.463975654226545,148.29144173952741,0.8552884652594217,247.93837573063587,0
2026-05-11 21:00:00,54.171772608131334,197.09676672556108,1.0385232035171332,236.20832239099016,0
2026-05-11 21:10:00,49.29784084457371,173.41752718730743,0.5296110930383467,220.6237576431718,0
2026-05-11 21:20:00,50.59572481200402,176.88244790247455,0.814993293700439,233.99790252150848,0
2026-05-11 21:30:00,53.32857293079374,188.01427332628288,0.9798710957761715,244.46584061417252,0
2026-05-11 21:40:00,52.03793224892889,170.59454272207836,1.2394562064770953,254.18766020587825,0
2026-05-11 21:50:00,54.03921371670523,151.75852540371264,0.5147476787056618,257.276902253734,0
2026-05-11 22:00:00,36.31767777468381,182.09158925058142,0.9269954864506114,222.8423951158068,0
2026-05-11 22:10:00,45.07423572582366,145.39867808916776,0.8868357087725847,238.49929340753783,0
2026-05-11 22:20:00,49.22362124753402,141.77932136835022,1.9928538737719077,224.84029266876635,0
2026-05-11 22:30:00,44.933859937496536,165.39628104638436,1.354019574035785,258.4862793079335,0
2026-05-11 22:40:00,44.562820551218714,170.45387277623504,1.3390127299913395,249.45473521079447,0
2026-05-11 22:50:00,37.161165394129284,149.62867997568162,1.4998900115960865,241.50953549576823,0
2026-05-11 23:00:00,53.305145989651,153.5015183529977,0.9777384181453105,216.966356290075,0
2026-05-11 23:10:00,48.33539599805384,149.10874567341594,1.500057923674569,267.8633981370358,0
2026-05-11 23:20:00,45.356988631034305,167.02452747052703,1.291667617878421,225.2062357075438,0
2026-05-11 23:30:00,58.57975083176291,159.7155787959458,1.2511785039515406,224.08339251302894,0
2026-05-11 23:40:00,47.656218571574264,153.67666883789195,1.4199513303424727,241.52159546016645,0
2026-05-11 23:50:00,54.30048517892206,158.61267253144726,1.5748209577923025,253.87158637616218,0
2026-05-12 00:00:00,51.15043522010661,176.0487491949863,0.6376386458085954,245.99510117559834,0
2026-05-12 00:10:00,53.0932899661443,158.5932723271705,1.1819393512679406,225.89602296408063,0
2026-05-12 00:20:00,39.73718539115468,157.86883476616265,2.065074118104734,227.2242455649182,1
2026-05-12 00:30:00,49.166769419984455,154.99221113982495,1.6038603267868652,244.85022809140625,0
2026-05-12 00:40:00,47.770636087111676,183.25390967223032,1.290336078643055,245.97544564497468,0
2026-05-12 00:50:00,53.42936882384087,168.3113416482974,1.031639669427442,238.82267248683627,0
2026-05-12 01:00:00,63.92504833874304,178.1942203089037,1.0065330469881426,225.13652793180532,1
2026-05-12 01:10:00,57.618752289401925,164.80746641749306,1.7870267098198989,225.4666420710949,0
2026-05-12 01:20:00,56.45114965472547,136.7105265553127,1.3430023990531537,219.85680228692712,0
2026-05-12 01:30:00,42.60840317774287,153.92817731508777,0.9272526465781449,263.8721460884331,0
2026-05-12 01:40:00,51.071170968226056,162.60812387080645,1.4336911172435416,217.06465494070278,0
2026-05-12 01:50:00,48.79745025986646,178.52299671612445,1.060951593116232,251.56851771263464,0
2026-05-12 02:00:00,42.89525262016079,124.18962018277207,50.5,232.51888725482237,0
2026-05-12 02:10:00,51.60829792614451,170.29410788588712,50.5,206.98593179275673,0
2026-05-12 02:20:00,55.03662066088307,177.3369364920973,50.5,262.14680440201334,0
2026-05-12 02:30:00,51.64891826218584,144.80415545163834,50.5,222.1739654500505,0
2026-05-12 02:40:00,54.60262586170649,137.5709267637001,50.5,249.1117774580223,0
2026-05-12 02:50:00,56.745687624655375,207.02035994202038,1.2113748923363739,236.10450977388584,0
2026-05-12 03:00:00,48.11069253485535,159.61435495769285,0.5716919849886286,252.91669425429527,0
2026-05-12 03:10:00,59.77709943980585,149.36044249819022,0.2387087490335078,220.9844022820825,0
2026-05-12 03:20:00,45.70847894355163,162.02475638422777,1.3749545063714101,245.7112457699461,0
2026-05-12 03:30:00,48.88894877528082,174.88460050182258,1.642127676488156,268.98387143336333,0
2026-05-12 03:40:00,49.743985681288066,148.97396815782037,1.9797309944499757,228.33949542426603,0
2026-05-12 03:50:00,47.8043598843866,180.62074321714957,1.1539098313876255,280.64081372028124,0
2026-05-12 04:00:00,42.49479382466475,135.18067571411066,1.2703684511237134,251.49234458771974,0
2026-05-12 04:10:00,55.29178462707161,158.20140676607383,0.8567772891514993,190.20944402072,0
2026-05-12 04:20:00,59.27483581365126,160.54114350069125,0.6593137254884148,251.20395905774353,0
2026-05-12 04:30:00,52.511251683425776,182.1941822458766,1.2518087078274576,230.1051543674927,0
2026-05-12 04:40:00,50.572904382657036,157.9395591879983,1.002366597250384,256.8255694698555,0
2026-05-12 04:50:00,48.15756251526283,158.27236414299054,1.2602126849775677,265.3063615838865,0
2026-05-12 05:00:00,52.29671534148103,155.11333821926945,1.3184877506457826,248.9118102010629,0
2026-05-12 05:10:00,52.92756341561739,123.58512354428294,0.7667300853398633,216.7565465767551,0
2026-05-12 05:20:00,49.09048155156737,152.3200840518421,1.5233139252400527,228.6237629638272,0
2026-05-12 05:30:00,46.98382267078619,193.69228588311648,1.391882990540303,267.36926910396124,0
2026-05-12 05:40:00,37.23669871522119,157.6406038203073,1.7233611317301138,228.4053942511337,0
2026-05-12 05:50:00,49.840365128487974,171.50829192251132,1.456365817971835,245.11523933922453,0
2026-05-12 06:00:00,57.03594421600744,155.17869215755297,0.9882975300421151,235.2923669176282,0
2026-05-12 06:10:00,50.30485404610629,163.69002406576743,1.04198715298376,193.47457775299668,0
2026-05-12 06:20:00,42.2880363755472,155.91380852751644,1.180253347648399,216.37342708024718,0
2026-05-12 06:30:00,45.894452120408374,147.6857355715973,0.8462624928347963,257.2398817516735,0
2026-05-12 06:40:00,42.00414671199206,166.44681627443669,1.426719286712415,237.15015244594662,0
2026-05-12 06:50:00,39.655818215316216,148.4022479197456,1.245894345009679,262.3078043065673,0
2026-05-12 07:00:00,57.548735055389635,174.87746281449296,1.8181768653670196,201.76924292528662,0
2026-05-12 07:10:00,50.87341603132774,170.23419477524257,1.0511050330231582,236.03048520768564,0
2026-05-12 07:20:00,52.317137513659674,148.18647569956497,1.0586877667130468,271.8279338548105,0
2026-05-12 07:30:00,38.9677897874342,148.69841957237156,1.715165843305682,265.43985234349566,0
2026-05-12 07:40:00,52.72079619659747,178.4714335242915,1.4573930672873854,247.51909478823356,0
2026-05-12 07:50:00,53.491478669386915,176.21886349142386,0.837881604029177,257.99110043327016,0
2026-05-12 08:00:00,56.26471816445444,154.39645438785243,0.9507021906006834,282.95422548922875,0
2026-05-12 08:10:00,44.7582633243441,157.35279965707215,1.377400311399459,236.7367760572305,0
2026-05-12 08:20:00,43.5933985322784,155.4147902948368,1.066636393890783,252.6560302185564,0
2026-05-12 08:30:00,56.3836572507944,180.69591199221819,1.155634652794067,220.03806613078686,0
2026-05-12 08:40:00,53.22566190301619,172.22348514643565,1.0820953378135962,243.36852273348185,0
2026-05-12 08:50:00,48.51181456101337,167.29756366596908,1.9312125091766945,222.32474091150132,0
2026-05-12 09:00:00,53.77871097879141,146.3646779052551,0.8170209763640249,248.30838228037365,0
2026-05-12 09:10:00,58.790608722428004,144.17550569738614,0.8266475338661112,235.01699739324778,0
2026-05-12 09:20:00,51.53522940277868,174.08958631802318,1.1639109275163229,279.6201000275702,0
2026-05-12 09:30:00,52.64963465485105,185.0431173544529,1.3399446512908977,221.32856227076553,0
2026-05-12 09:40:00,54.700601355497696,119.09125595588516,1.0815999820488793,273.97354258777847,0
2026-05-12 09:50:00,53.73110609384483,135.9587677709139,0.7113961001372695,228.65582005066165,0
2026-05-12 10:00:00,49.29366887386956,169.55054278253462,1.1247000410413093,237.5407774507393,0
2026-05-12 10:10:00,50.42764403789168,156.3527010707282,0.9181348532661405,256.34433992663236,0
2026-05-12 10:20:00,40.58095639774956,145.81607700864322,1.566705387117012,199.08760971907776,0
2026-05-12 10:30:00,43.42928912831368,170.17575426876945,1.52467094430548,274.63072932962973,0
2026-05-12 10:40:00,63.00620046625113,140.05894864458048,0.9788707290288489,197.36457348489773,1
2026-05-12 10:50:00,46.9372401916416,173.55624671549464,1.099241130985161,256.404029406244,0
2026-05-12 11:00:00,41.42518696847351,153.43108292702252,1.4878821416317618,242.347534926486,0
2026-05-12 11:10:00,56.75022896167173,184.8376977089716,1.5524207628170699,247.06158585406274,0
2026-05-12 11:20:00,58.99494938275673,156.92885987326503,0.9409006475345127,256.06742092607453,0
2026-05-12 11:30:00,43.43573168081018,174.60126264250977,1.646174602455337,242.89051555690529,0
2026-05-12 11:40:00,50.167951907109014,153.17270523189225,1.5003164748477227,255.24169168955112,0
2026-05-12 11:50:00,48.898960325987524,145.30062428312084,1.8305686365311953,255.45160534056464,0
2026-05-12 12:00:00,48.45764143131647,151.01955992729665,1.4940476234584126,264.459711098276,0
2026-05-12 12:10:00,45.78966751678954,160.91011608822353,0.703572705183408,253.68152940017393,0
2026-05-12 12:20:00,45.844191217060086,136.96743773810863,1.2378724212418888,265.16083540614875,0
2026-05-12 12:30:00,47.53029342502268,176.60346158048526,1.299261241527422,228.10863050699186,0
2026-05-12 12:40:00,52.76397158489549,159.5633724801888,1.3280545569601152,225.4871611983504,0
2026-05-12 12:50:00,49.04744426039338,124.97336999153882,1.4334495141897585,220.91150506913158,0
2026-05-12 13:00:00,51.15804582805471,137.70251440552397,1.1245153430934138,221.67234668517173,0
2026-05-12 13:10:00,50.7770594591207,142.8725683091488,1.2807598242602964,223.08478929799264,0
2026-05-12 13:20:00,49.021486563584936,143.25197226450535,1.1299623004210821,234.33564378910077,0
2026-05-12 13:30:00,46.73940268512157,162.83138026565507,0.6056907396599743,190.9126733622925,0
2026-05-12 13:40:00,45.71151857142341,157.0334102507,1.1119478572138144,214.13816180732397,0
2026-05-12 13:50:00,48.13252410115619,165.9049654420321,0.8724637771131559,240.9414917396006,0
2026-05-12 14:00:00,49.920126180068735,149.19640743991485,1.366259453356841,253.8925459355989,0
2026-05-12 14:10:00,42.83434705082838,174.45751450483505,1.8512082501591638,222.43768675986635,0
2026-05-12 14:20:00,46.0700670536078,149.4817902235894,1.229135927690198,225.53231537553413,0
2026-05-12 14:30:00,54.905847208732744,147.73133458891618,1.1945098646921712,235.47263140483636,0
2026-05-12 14:40:00,45.91546876543211,166.94486718766586,1.1766124318072446,242.00652555609256,0
2026-05-12 14:50:00,50.61143301788715,144.76392917537777,1.1394089187874603,243.31157929686674,0
2026-05-12 15:00:00,42.8662073848805,173.7669633502211,1.1698087523124516,238.73074615509657,0
2026-05-12 15:10:00,56.302377206164195,182.71032489782644,1.1953433821421988,259.8911017539974,0
2026-05-12 15:20:00,56.75903522467105,174.39281405210193,1.4887624734498608,225.5771500346315,0
2026-05-12 15:30:00,51.285914401010615,147.23331188943953,1.183444943917538,243.69656729283932,0
2026-05-12 15:40:00,50.630428679122595,152.25983618345103,1.1135952901362474,258.70090517395084,0
2026-05-12 15:50:00,52.330220728359905,168.73255044609135,0.9124417057839923,272.9162725857591,0
2026-05-12 16:00:00,49.32093745459153,156.94441657441828,1.077959619529556,281.7297859807509,0
2026-05-12 16:10:00,46.44666499911748,180.67870563380177,1.282849858059178,245.59313873760283,0
2026-05-12 16:20:00,54.31822759068763,180.97326235676255,1.5422767381411866,217.42508879652428,0
2026-05-12 16:30:00,46.36629671548109,176.98155537959298,1.2631495434456537,299.7379776142558,0
2026-05-12 16:40:00,52.08705914262839,184.2222334044974,1.3256767956517606,180.10334907460233,0
2026-05-12 16:50:00,56.36634676875296,147.51724694470187,1.2670293922617277,255.81476226149397,0
2026-05-12 17:00:00,44.026503350966145,150.70177180041054,0.7604217004625183,249.44090421631566,0
2026-05-12 17:10:00,49.27384352146046,168.70419927995647,1.1186047310431164,261.5053323025987,0
2026-05-12 17:20:00,50.06759705009609,187.0893056694474,1.4074455904931062,241.9683740731578,0
2026-05-12 17:30:00,39.21756173785661,146.43712007057778,1.3793331088860927,250.56623420737864,0
2026-05-12 17:40:00,47.52541264795708,156.636465421036,1.282145863469512,255.57514949665673,0
2026-05-12 17:50:00,50.358849856666204,167.48372806535113,1.117064950734705,245.11213251280014,0
2026-05-12 18:00:00,43.54220408583189,158.53219045486446,1.4759469251515516,247.37141864159392,0
2026-05-12 18:10:00,55.005011002876365,127.12144137589914,1.068190581377892,237.1753123897006,0
2026-05-12 18:20:00,58.345054457216165,151.67768657607385,1.741439074102482,253.60430598090807,0
2026-05-12 18:30:00,57.40073852135477,153.18001372741446,1.220498956911966,258.0640576271055,0
2026-05-12 18:40:00,60.425579499048524,154.4140778933922,1.5070070846106436,246.32896340037485,0
2026-05-12 18:50:00,48.540891696528774,144.9194684023958,1.0132260996656777,207.32881877814665,0
2026-05-12 19:00:00,55.956523880309376,156.26562598476139,1.1655117359521245,223.28096637095015,0
2026-05-12 19:10:00,51.70317057784397,127.86578836431582,1.3714705292277631,245.9714393154924,0
2026-05-12 19:20:00,43.82971243226599,146.21457668131774,1.1852266218727532,223.62393079956507,0
2026-05-12 19:30:00,45.27238521047969,151.66030308424527,1.023795208735236,289.34391543134643,0
2026-05-12 19:40:00,47.99491609055582,159.0775286848499,1.844666881897182,243.57098587094615,0
2026-05-12 19:50:00,41.10264791565523,171.4760653834869,1.342464816432055,263.4942864901597,0
2026-05-12 20:00:00,49.886541747673775,150.9120722624452,1.4117542134552212,253.55965889468177,0
2026-05-12 20:10:00,50.157371219365245,167.5982554301305,0.8654083043047193,245.17781407007865,0
2026-05-12 20:20:00,64.4412386827625,155.31121793684406,1.1320349765802558,232.49336718006228,1
2026-05-12 20:30:00,51.52478687664727,139.5996354559809,1.0707148547814747,240.34838579271,0
2026-05-12 20:40:00,56.93299673323881,162.2081284144508,1.0926634112707938,239.2665307266251,0
2026-05-12 20:50:00,52.79488781977903,166.43286848076784,1.0020044056513704,236.7290505706748,0
2026-05-12 21:00:00,46.56766886193229,181.6144964589272,1.506830766751168,276.7406234598004,0
2026-05-12 21:10:00,45.152700808593124,158.88013916786986,1.1199855704237498,204.87192171178904,0
2026-05-12 21:20:00,47.134534973319276,164.68014797293569,1.7069625550804588,190.58471165408156,0
2026-05-12 21:30:00,48.32525142163896,176.98144715268216,1.3239646777552767,215.4227107823527,0
2026-05-12 21:40:00,55.831523003801344,162.69395184800166,1.1375471224016063,208.5015946969419,0
2026-05-12 21:50:00,56.25476634779901,136.4987843092714,1.0772520634921292,255.0706303306272,0
2026-05-12 22:00:00,48.03943433833888,150.15273335166694,0.5560861015649925,214.1841505813154,0
2026-05-12 22:10:00,48.76202077288241,170.87183136650282,1.4389174128076907,242.47886547310668,0
2026-05-12 22:20:00,46.00659972958498,158.72523501814157,0.5907288159294907,254.96128442996132,0
2026-05-12 22:30:00,49.053452146151194,167.2063848148644,1.346570685797631,252.74452500915356,0
2026-05-12 22:40:00,51.384128123799364,176.93553436046338,1.203461584291813,263.8240816942287,0
2026-05-12 22:50:00,47.23232546052858,163.994301742131,1.1979909498328634,240.1726268601597,0
2026-05-12 23:00:00,50.71020498474076,162.59048524321742,1.4265786812129624,246.0284868209871,0
2026-05-12 23:10:00,46.80649519750587,158.2286740741241,1.4182198102404928,253.5157254230315,0
2026-05-12 23:20:00,56.75678409097243,164.2011737685622,1.0277725508665416,220.35232251514432,0
2026-05-12 23:30:00,51.14877179438932,158.42529062530136,1.560008980653679,231.58990120748112,0
2026-05-12 23:40:00,47.141442414171756,168.24064452505533,1.0888871949733299,218.25688332216583,0
2026-05-12 23:50:00,57.11723974684525,156.94374640384203,1.2633585341575897,219.8669280443642,0
2026-05-13 00:00:00,41.235877227169794,160.67792570765482,1.320907120464995,241.33552351987277,0
2026-05-13 00:10:00,49.345432392638706,129.65374507020425,1.4634017843062237,269.7595356111788,0
2026-05-13 00:20:00,57.7556289142812,158.4588175367927,1.4197204546992381,269.36611172416656,0
2026-05-13 00:30:00,56.213242811383864,147.24768969528688,1.4694447261522452,223.24623741211073,0
2026-05-13 00:40:00,54.029172264003854,150.36735802526968,1.3418042029515926,266.9621428303169,0
2026-05-13 00:50:00,49.816441179313514,156.33972563237285,0.8189022469532476,198.96758849764802,0
2026-05-13 01:00:00,55.18605740446297,156.10553764887248,1.1588428282354748,240.92240934764067,0
2026-05-13 01:10:00,53.70988050057609,174.35624676859914,1.4703062482336042,260.8541152564161,0
2026-05-13 01:20:00,55.49775133804651,165.8563252689363,0.5797416400022627,216.19575182858785,0
2026-05-13 01:30:00,44.87250405002122,157.61990859943722,1.048653329277247,262.77518891665744,0
2026-05-13 01:40:00,55.6608483516194,146.04723266792357,0.8547553928526033,251.88336611511457,0
2026-05-13 01:50:00,45.40889195771505,128.1901948850667,1.618451103048383,224.38595086734293,0
2026-05-13 02:00:00,43.54504052948969,160.38933502292642,1.4082201677178248,221.27934052188283,0
2026-05-13 02:10:00,49.95561845440414,188.0207058469533,1.0832285168745102,266.5802097813381,0
2026-05-13 02:20:00,49.63944614862578,141.34725007227877,1.6867481244154647,247.47635458086643,0
2026-05-13 02:30:00,56.46272504529281,175.84905638251502,1.1920881139074144,269.26219327432574,0
2026-05-13 02:40:00,48.92871006024062,153.15243888404768,1.6473261257910017,253.5783565029055,0
2026-05-13 02:50:00,51.62497862611344,149.10440173549742,1.138439174396942,275.042301705751,0
2026-05-13 03:00:00,44.903129730630106,182.6056560281413,1.1564259607422938,222.8721454369184,0
2026-05-13 03:10:00,43.78324325803278,171.15833588426023,1.0436477799723238,240.81032724998292,0
2026-05-13 03:20:00,48.16659402391935,151.19717587484962,1.6472124835428021,223.59431459150625,0
2026-05-13 03:30:00,52.946681881865466,166.34034655968003,1.4138033519783284,256.3093674576549,0
2026-05-13 03:40:00,63.098338117949936,146.5629312832769,1.2160848864408977,274.09154314319426,1
2026-05-13 03:50:00,44.67713376290868,175.47091195378232,1.2855232125500904,226.2856585343959,0
2026-05-13 04:00:00,59.13230104951408,183.5165463127056,1.4029844496384818,234.86330291342227,0
2026-05-13 04:10:00,48.56301772537274,148.43344547028477,1.3168581969821582,246.65769306965157,0
2026-05-13 04:20:00,57.15637047853986,181.8409071650225,2.1600416138112917,206.81121111548302,1
2026-05-13 04:30:00,42.56550797280577,155.86744454222972,1.4532377474987084,246.9375655217643,0
2026-05-13 04:40:00,51.3231618275779,163.39580050322311,1.4782139593341665,238.00750383228703,0
2026-05-13 04:50:00,50.80342538825107,174.36004186343615,1.129094426382111,260.0367393146967,0
2026-05-13 05:00:00,47.737468345207546,166.1356911416545,1.1305627609997624,255.452233123942,0
2026-05-13 05:10:00,48.61930678434173,139.56128989390257,1.1671035902066345,217.11510379070663,0
2026-05-13 05:20:00,49.99518071998543,155.65731568824086,0.7654337426071223,271.68149492143834,0
2026-05-13 05:30:00,50.65161133903316,153.78734783542873,1.2994683483741587,257.3679328251564,0
2026-05-13 05:40:00,40.45626216387854,164.50427506000557,1.1186063496619107,261.26549935417705,0
2026-05-13 05:50:00,43.66672270317366,170.68535135165115,0.9447062244589328,293.97705661461106,0
2026-05-13 06:00:00,45.54658721433182,188.6845450470733,1.243011324517147,248.2820729990051,0
2026-05-13 06:10:00,36.080167101351726,178.80261880330252,1.382060245217247,253.92248531050691,0
2026-05-13 06:20:00,43.07013473678647,155.33626802335445,1.3727611105388695,259.4809880542463,0
2026-05-13 06:30:00,53.729189840653476,160.9134213603514,1.4740181830848955,240.76330326936838,0
2026-05-13 06:40:00,51.54329259008036,177.86868977913875,0.6382360834417821,225.06046126477773,0
2026-05-13 06:50:00,45.32164647585485,157.08718931535964,1.0942160692767122,244.37017240036818,0
2026-05-13 07:00:00,54.70622393741398,129.77738334221021,1.1219107446770487,232.62817214359367,0
2026-05-13 07:10:00,49.95844261933387,153.5564728858667,1.1197478420589493,237.65380857294423,0
2026-05-13 07:20:00,45.27387840681396,152.38983883235176,1.455659422290568,256.3827213172037,0
2026-05-13 07:30:00,53.13136241510641,162.20181079339596,0.6028744415299907,245.17302602534573,0
2026-05-13 07:40:00,56.69699467464442,148.83469026846365,1.1716343450408815,234.44535820448732,0
2026-05-13 07:50:00,48.21625301371314,145.7894948923278,1.0858454039547005,234.58533481408682,0
2026-05-13 08:00:00,53.692466560003645,152.31751948966323,1.8794267169882728,262.8433393917378,0
2026-05-13 08:10:00,51.46415351120306,142.92348441165134,0.9087457086001219,236.95595767381386,0
2026-05-13 08:20:00,51.6288295625685,182.8931093285878,1.1354563310858852,224.78054565799854,0
2026-05-13 08:30:00,43.69544330920684,170.54844117850143,1.5788527988833474,214.9436656907612,0
2026-05-13 08:40:00,43.125217696779295,133.14998558722385,0.7410026521442521,235.04388889192992,0
2026-05-13 08:50:00,44.38268942730445,157.89742152896872,1.7722469737465372,243.3959855183901,0
2026-05-13 09:00:00,51.56644768283886,177.24953376799493,1.4262260592009652,257.8917136217951,0
2026-05-13 09:10:00,49.65735810788479,169.9576341094761,1.182568613638809,269.61819425792345,0
2026-05-13 09:20:00,49.056582755226614,163.30848336105942,1.6120452656907036,227.15264110253824,0
2026-05-13 09:30:00,56.47511603656347,159.5953214225589,1.2421392704844278,260.5918139954869,0
2026-05-13 09:40:00,57.68341594134337,149.2229874735213,0.7428824792927893,279.59756428437623,0
2026-05-13 09:50:00,40.527340156801365,141.3858374516789,1.02353987345612,248.5363709789938,0
2026-05-13 10:00:00,39.25044408884877,161.26861009305924,0.9040143014100236,224.05135005963868,0
2026-05-13 10:10:00,47.66620125746565,164.15038184555345,1.361620814814509,235.01900148771475,0
2026-05-13 10:20:00,52.20153147771906,169.6325818318487,1.4329591061643836,256.2580269502194,0
2026-05-13 10:30:00,52.90432092039664,172.0696617119415,1.105968322597893,207.23450569355788,0
2026-05-13 10:40:00,48.64643440022153,169.88609790556163,1.1819230004187402,252.82397302682898,0
2026-05-13 10:50:00,39.31982384179781,135.32750723890308,1.4616911178154142,241.300627583386,0
2026-05-13 11:00:00,59.46068378771001,138.75532127989834,0.9674524478909712,223.21851420231116,0
2026-05-13 11:10:00,46.510706081220064,174.22211628522493,1.6340428231767363,268.8025666204512,0
2026-05-13 11:20:00,,173.80903053227013,1.2953681716436782,225.4606106922927,0
2026-05-13 11:30:00,50.10447483430981,147.53877434811977,1.1747953994734701,280.7238143971008,0
2026-05-13 11:40:00,48.33930919653596,147.52955827765462,0.8277653721300338,242.22917458583728,0
2026-05-13 11:50:00,55.59824301027,161.66547736784517,1.2926594019039819,245.8672637375805,0
2026-05-13 12:00:00,56.350247067877845,137.96366479118717,1.3543972125879111,210.06443259526958,0
2026-05-13 12:10:00,43.13118518007469,149.24358658300784,1.0292716941204638,215.173801429187,0
2026-05-13 12:20:00,37.06869948368785,167.52393170076607,1.5179454187691812,200.02805137091514,0
2026-05-13 12:30:00,46.68903030491474,155.02451097928576,1.227491610746282,231.8035783671015,0
2026-05-13 12:40:00,51.720513289990144,168.44423748247564,1.382307930800756,266.7555762731786,0
2026-05-13 12:50:00,51.3928742283218,140.6773335793142,1.4856003581857964,227.320965529748,0
2026-05-13 13:00:00,51.79385941678955,172.55167567129135,0.3908933565742819,245.61914995317957,0
2026-05-13 13:10:00,55.67188944065852,190.04890127446524,0.902257500396845,255.59025693170065,0
2026-05-13 13:20:00,55.12818796018908,149.4129951214784,1.3400614913381395,221.14606180665004,0
2026-05-13 13:30:00,47.78813196084912,170.49529862464422,0.7968550695044055,252.8573087111615,0
2026-05-13 13:40:00,43.03417923749261,141.66331889943376,1.1978842590786902,245.7215893903937,0
2026-05-13 13:50:00,46.16006154485776,146.0164549342342,1.877140114252906,256.064929772528,0
2026-05-13 14:00:00,55.97512629740417,170.62983945470387,1.2081121071385148,230.94629164937365,0
2026-05-13 14:10:00,46.42487267271031,159.34683426322067,1.3129612054786493,249.04973824808846,0
2026-05-13 14:20:00,55.71387580405926,150.85277994554482,1.2308097598043133,255.56885822941808,0
2026-05-13 14:30:00,53.39458066624358,162.17980134923198,1.2233361817220387,233.56765491077064,0
2026-05-13 14:40:00,60.88071731850751,139.67528051966457,0.7945298948176465,239.72262748662925,0
2026-05-13 14:50:00,49.94568899525307,159.2571677345518,1.1381762552120587,256.89562430628376,0
2026-05-13 15:00:00,38.31386078227225,180.07844375461042,1.640705354968498,249.39019846511954,0
2026-05-13 15:10:00,60.10309834147968,171.55194286871046,1.2714274344514067,221.20415811394744,0
2026-05-13 15:20:00,50.168341741850895,172.44560882254493,1.492863828253346,234.21843678828844,0
2026-05-13 15:30:00,49.37589499104132,164.67888527079222,1.3799015341294656,239.65042582178125,0
2026-05-13 15:40:00,57.19587721867522,183.552021682019,1.6840114956380796,219.86026336397055,0
2026-05-13 15:50:00,48.25352359457664,136.83547183515964,1.2066440549378379,221.4065592654796,0
2026-05-13 16:00:00,44.635260999170306,145.34674191968497,1.249985175539047,232.08626063322941,0
2026-05-13 16:10:00,48.23417793626991,173.22353419552343,0.8686673318354752,214.62475155364342,0
2026-05-13 16:20:00,52.90535155343325,187.6124670972294,1.0714912324658512,252.09222109785568,0
2026-05-13 16:30:00,48.03400344282509,170.26852887099972,1.8320925643891037,246.3204862950818,0
2026-05-13 16:40:00,59.13127200343048,149.7898453010502,1.3169921289686173,265.9408535220504,0
2026-05-13 16:50:00,45.130272721075315,157.81324027340597,1.2024239964049728,256.86295576678026,0
2026-05-13 17:00:00,46.08200477410467,161.09068826994383,0.8161553565382624,237.2648790969706,0
2026-05-13 17:10:00,43.085924675334944,188.5504469244466,1.3466679659513516,226.64599249057696,0
2026-05-13 17:20:00,59.601045895897734,185.62744553582183,1.1801009129976092,221.28331155829326,0
2026-05-13 17:30:00,58.68603288614308,178.81678492019952,0.9319315723601385,215.44240214539815,0
2026-05-13 17:40:00,48.48474516953377,178.38375219447553,0.991391671251562,242.54658074408655,0
2026-05-13 17:50:00,45.5459320118268,132.18159315021052,1.3733463922114377,232.04064970064812,0
2026-05-13 18:00:00,41.036264484085564,142.5415636314519,1.3755650540887159,292.8265076037236,0
2026-05-13 18:10:00,57.272149751879866,160.09817526034803,0.8591539170598848,258.60160851981027,0
2026-05-13 18:20:00,53.140155413913455,157.64276616568367,1.5856920621175963,240.30919289261968,0
2026-05-13 18:30:00,53.23132525463782,182.6045970827796,1.1527249843944691,251.8405816673827,0
2026-05-13 18:40:00,48.102177213243976,173.87038169899273,1.4669139783641834,197.20385779759016,0
2026-05-13 18:50:00,56.07381214244232,166.35084850911,0.9447507206402168,253.80408425369458,0
2026-05-13 19:00:00,50.123137640275786,168.33613104957843,0.9102649482750924,267.67219417334167,0
2026-05-13 19:10:00,43.98575000598108,159.43507028349165,1.4241226431901364,254.81830307433245,0
2026-05-13 19:20:00,45.411810632165945,158.9035067572054,1.4156357700954842,237.275712994032,0
2026-05-13 19:30:00,51.317715860846846,151.902433624974,1.2076256744873488,236.14743689414732,0
2026-05-13 19:40:00,43.09074636440801,161.66952262340226,0.9928181406686056,256.9478437103175,0
2026-05-13 19:50:00,52.64295668506576,142.52154026092717,0.9015936890614906,241.9606131163993,0
2026-05-13 20:00:00,45.20647687775405,176.2979323640081,0.95401776963458,203.68764311887813,0
2026-05-13 20:10:00,47.57796047658171,156.02197560527006,0.7756431222502729,272.93301824239256,0
2026-05-13 20:20:00,47.279605361619744,160.6341508878511,1.5232892012138033,251.3137561265293,0
2026-05-13 20:30:00,48.32265336796775,149.46792228529753,1.4356497029691655,235.31572432764665,0
2026-05-13 20:40:00,52.60821592470519,140.45493657597686,1.1985715431980817,260.1128236834854,0
2026-05-13 20:50:00,43.28978093108281,157.01429180797294,1.471626207641097,247.04677868400907,0
2026-05-13 21:00:00,46.590395438064256,158.64280945593674,0.8192380925812819,287.13367520809504,0
2026-05-13 21:10:00,42.97890132225429,156.0160480733647,1.165851744708969,253.15589882409793,0
2026-05-13 21:20:00,47.35099825453791,183.0612926874629,1.2028434029215433,198.86394230719614,0
2026-05-13 21:30:00,44.876266918515036,157.3822968441577,1.6491054972745407,213.4193348788382,0
2026-05-13 21:40:00,50.649858315283936,149.64628253788348,1.5282159987448738,250.33093670519727,0
2026-05-13 21:50:00,52.21570953515161,170.40395626112448,1.2957101717471908,230.5347284862387,0
2026-05-13 22:00:00,59.67910479035048,161.1809077761533,1.0744885833417066,216.74188386940116,0
2026-05-13 22:10:00,47.53850376224462,190.06985305588015,1.3331250452341852,257.977253597444,0
2026-05-13 22:20:00,56.69018281683445,162.587458189473,1.2772016343764934,248.43975879543598,0
2026-05-13 22:30:00,47.194447903940066,151.02154688771827,1.1896821333369765,208.11564005612667,0
2026-05-13 22:40:00,46.539950097304114,168.4928390003731,0.53145168618264,234.44497119982768,0
2026-05-13 22:50:00,53.116528267086245,168.3641774390871,1.5476892376054896,250.73828754469614,0
2026-05-13 23:00:00,55.07576794932641,118.6766741353041,1.4419830561476477,233.39373886751366,0
2026-05-13 23:10:00,55.458878782483374,166.33974689396462,1.8704855308795705,234.82059121726715,0
2026-05-13 23:20:00,52.55671918398319,141.81722432602345,0.8881323199501903,275.8355982564383,0
2026-05-13 23:30:00,50.72309393890164,162.42138492642843,0.7041267740035826,230.6441190004555,0
2026-05-13 23:40:00,58.850672991721744,165.28352010094858,1.2140462874130598,244.78810375805838,0
2026-05-13 23:50:00,47.535065962431794,169.1465484424676,1.3016337345893296,219.77674615121578,0
2026-05-14 00:00:00,45.6661701354901,148.36770227669138,1.5775991411666674,259.9472637088414,0
2026-05-14 00:10:00,46.75621652531525,187.51985045172654,1.3666172147833282,236.89633169725857,0
2026-05-14 00:20:00,43.45842723134715,146.06864593275665,1.134810807957068,215.92500983564685,0
2026-05-14 00:30:00,46.55404651150517,126.81630817148925,0.7036495091440989,280.8323026527887,0
2026-05-14 00:40:00,57.957121706822015,168.54165564362737,1.3517224648325081,261.5543430784067,0
2026-05-14 00:50:00,41.81011011003718,147.36637414961834,1.3789148495799353,234.4150828649035,0
2026-05-14 01:00:00,58.768607792449146,141.7742398262381,1.0371113513625563,223.19938835827747,0
2026-05-14 01:10:00,42.1692799065758,171.448662267892,0.8895193527758312,193.28044812066162,0
2026-05-14 01:20:00,55.342632123039465,146.0593954136517,1.106684596856674,250.09965306315334,0
2026-05-14 01:30:00,36.21380290040246,165.88883308720904,1.5003666825814954,231.76257744640506,0
2026-05-14 01:40:00,58.74261523461995,156.65949075700505,0.8694207167056125,219.31915135942612,0
2026-05-14 01:50:00,46.489919682904784,145.05122029926687,1.4678047991819927,226.32481791835198,0
2026-05-14 02:00:00,50.95463206178129,135.99916913785782,1.377281059143479,220.05100204995568,0
2026-05-14 02:10:00,49.56576960193384,124.2595569200336,1.784338846898667,248.38325365132818,0
2026-05-14 02:20:00,48.24667918359173,185.6802559185329,1.6716005705433243,232.46215830637098,0
2026-05-14 02:30:00,57.73871084876535,175.79580799064377,0.9301006324278778,213.57290308410498,0
2026-05-14 02:40:00,55.35461180512898,164.59404030470648,0.9228033288538882,269.2625055144696,0
2026-05-14 02:50:00,49.69542595964141,164.91239284932917,1.3952388973688234,236.84864526428788,0
2026-05-14 03:00:00,52.357747953243184,168.7697664258815,1.3803700779443848,252.06523251333306,0
2026-05-14 03:10:00,54.75246739534286,164.17368798721876,1.1566058700978317,231.23120667673203,0
2026-05-14 03:20:00,48.46782450239974,176.57612624173086,0.5612402359032367,212.97824018252265,0
2026-05-14 03:30:00,54.30877081774811,158.7292411450463,0.9394788615458592,240.85921158027375,0
2026-05-14 03:40:00,55.31708317912468,173.62099986660115,1.648507679208206,230.3200461941768,0
2026-05-14 03:50:00,46.99979787147495,136.15625476332974,1.2662859439556993,286.4452116867272,0
2026-05-14 04:00:00,44.194734729474405,146.59515766229717,0.4604346258419726,274.0838480128392,0
2026-05-14 04:10:00,51.69637960599569,156.91399828498845,0.5472970654095642,295.27386708315976,0
2026-05-14 04:20:00,45.51469737205907,176.53860395159717,1.147121077716194,240.89346951189515,0
2026-05-14 04:30:00,52.1638735358759,174.36479307929037,1.3934503167949106,219.68606755097775,0
2026-05-14 04:40:00,48.59783599825463,147.79305919436908,1.2305689226564802,221.71794112906534,0
2026-05-14 04:50:00,55.072665320510694,153.10671915032358,0.9052101836846949,216.99251899091917,0
2026-05-14 05:00:00,54.58457896792915,149.31772898706475,0.8514825555137162,222.41960344409205,0
2026-05-14 05:10:00,60.59376573890352,154.96784476037885,1.166768551946883,223.26459938497428,0
2026-05-14 05:20:00,56.316476968188425,161.86901303798277,1.0511058023916935,254.33186710539673,0
2026-05-14 05:30:00,52.68482409058053,163.71540746929648,1.0202415196171617,273.63039397706393,0
2026-05-14 05:40:00,46.93735731959142,159.9657160591494,1.307001560766996,225.10831255056573,0
2026-05-14 05:50:00,44.90124955591538,187.29369458154474,1.5185678565279168,244.77049626603858,0
2026-05-14 06:00:00,52.671791634510384,150.9259520191936,0.8150803431075433,211.075105028748,0
2026-05-14 06:10:00,56.6465338496654,187.70740825156727,1.7505879632872232,217.68502287595157,0
2026-05-14 06:20:00,54.480464493474784,145.35625960165225,1.1585318083471268,269.80397441315023,0
2026-05-14 06:30:00,49.35006988967009,148.8969446811112,1.2543883380843486,241.67535985710842,0
2026-05-14 06:40:00,47.2113119213158,162.70819972783278,1.116345003894427,264.41403208249943,0
2026-05-14 06:50:00,55.8375712355319,202.3612250533803,0.8132412457759854,206.71333542629003,0
2026-05-14 07:00:00,51.303664870572476,154.6609704335715,1.1591889856584718,238.520168999467,0
2026-05-14 07:10:00,41.058304909974524,162.36869475014174,1.7259599225785593,222.32697023127128,0
2026-05-14 07:20:00,57.762291703597924,113.08402554524335,1.199384417737812,207.9846893982629,0
2026-05-14 07:30:00,38.868958353344034,163.17896329678914,1.032415305796432,226.5821260809866,0
2026-05-14 07:40:00,46.10116500420146,153.97362662260397,1.2109378685192727,227.8735085274947,0
2026-05-14 07:50:00,47.965430314346484,169.7886041660305,1.4138816299716228,244.65561236239313,0
2026-05-14 08:00:00,53.04892920783501,180.4643170055096,1.0615234155438442,288.73400692136124,0
2026-05-14 08:10:00,47.29466430247627,149.47474469409931,1.5404979824696372,291.907636877542,0
2026-05-14 08:20:00,46.53567120559527,137.66278701467002,1.3336189734959358,240.85569637608648,0
2026-05-14 08:30:00,49.846215892071164,188.37980374303356,1.2750074588103848,235.05599813604735,0
2026-05-14 08:40:00,55.75650367688071,154.48591620662322,1.0658991991536473,212.33508727278783,0
2026-05-14 08:50:00,48.33254229404263,163.14032901747714,1.1537203183517237,246.0018426404549,0
2026-05-14 09:00:00,60.60685173638945,148.97771534196343,1.1995200693078967,243.75620698214075,0
2026-05-14 09:10:00,51.361925069729224,156.66628524778048,1.3526007462241048,236.57854619214095,0
2026-05-14 09:20:00,47.51012102188638,145.55020342214874,1.3814732078035799,250.10612301117825,0
2026-05-14 09:30:00,47.862189741953664,163.38464147089627,1.393321034651317,236.224181831827,0
2026-05-14 09:40:00,46.66528150191538,157.62541040193426,1.2376050097155369,241.77214538068344,0
2026-05-14 09:50:00,53.3422111722112,177.93671310682026,1.469887834539776,198.06558164304766,0
2026-05-14 10:00:00,48.55340812404753,137.02054790134997,0.983587820015552,233.82249213476535,0
2026-05-14 10:10:00,49.18665495521668,167.43982020342696,1.0146396052577102,226.57395774945658,0
2026-05-14 10:20:00,46.827493326089815,148.9622449650775,1.3776075614462995,275.40149086063343,0
2026-05-14 10:30:00,59.11822007697598,154.52650899985088,1.0799304898865094,250.442701705549,0
2026-05-14 10:40:00,40.442257767302884,151.2764666804768,1.3454000233944847,239.1212326818127,0
2026-05-14 10:50:00,48.30975662094688,190.18394564295568,1.416722891342376,245.23013161691605,0
2026-05-14 11:00:00,51.94860296857677,171.54762402036775,1.508561699229712,273.7315520798079,0
2026-05-14 11:10:00,51.60898202537182,170.5086308517963,1.1040888001586273,254.98946234499059,0
2026-05-14 11:20:00,50.207047756827066,175.94892065265225,1.2932308980601415,255.06989021694326,0
2026-05-14 11:30:00,53.790991187649084,157.19511303397687,1.3770074408911661,236.2090202124867,0
2026-05-14 11:40:00,51.269766201082454,148.1811011400292,1.4459252624531844,218.85175720486097,0
2026-05-14 11:50:00,49.00050670226052,157.35658504616666,0.901890949325302,287.7929537677457,0
2026-05-14 12:00:00,44.801018775719854,148.56747712483056,1.6970525208624216,256.94790878151116,0
2026-05-14 12:10:00,51.69517489943623,155.87041649266033,0.6091006313022956,245.76747630010635,0
2026-05-14 12:20:00,44.52508205341142,168.62771579228425,1.1562393961543453,257.5388264656682,0
2026-05-14 12:30:00,39.85720837066275,186.72035651833286,1.0726707363476857,232.40936618942632,0
2026-05-14 12:40:00,54.83796606613752,167.1422072309426,1.0480016664958276,199.36958926173727,0
2026-05-14 12:50:00,48.672454130331666,178.44625937106056,1.1026913279560113,246.35463065174326,0
2026-05-14 13:00:00,47.552282957564834,177.0868408145199,1.2098146719695628,245.78299566848148,0
2026-05-14 13:10:00,49.015338630476805,171.63879199991254,1.4290552463256192,244.2856711777325,0
2026-05-14 13:20:00,49.3067129454431,169.80391192973028,1.6796264018923277,261.77752586119897,0
2026-05-14 13:30:00,48.3933784086314,132.1971040818871,0.4655426389036851,227.99311597548908,0
2026-05-14 13:40:00,49.07345263028558,159.0425342561826,1.436774353447654,276.746418963337,0
2026-05-14 13:50:00,51.21531194824398,151.17133949440753,1.0230665226590137,258.1218205638809,0
2026-05-14 14:00:00,49.34286179076629,186.10623679707942,1.1332076584738957,261.72731269843104,0
2026-05-14 14:10:00,52.66926514301228,156.98851115773527,1.653197214542055,275.21155230373824,0
2026-05-14 14:20:00,62.51691005065729,186.9958477916819,1.1301025333975319,252.06480665074258,0
2026-05-14 14:30:00,54.995294413379746,130.97617083702002,1.3272996028906305,212.3030987223935,0
2026-05-14 14:40:00,52.42197767857731,172.15864905986587,1.4445728769384247,266.25745965383175,0
2026-05-14 14:50:00,50.557282004889686,172.83082896549791,1.2868348256148991,227.2031967760739,0
2026-05-14 15:00:00,51.93341949162966,162.57432907831864,1.5286185458027794,234.51905066509553,0
2026-05-14 15:10:00,54.04776687826746,156.49952702281524,1.330596405825171,256.41075604103224,0
2026-05-14 15:20:00,52.30751217832511,170.32067167396258,1.1561985717354584,240.61357537755765,0
2026-05-14 15:30:00,55.97444205938239,185.3696911966023,1.6049075058069877,246.43014373355834,0
2026-05-14 15:40:00,55.48925554356396,154.73005955657555,1.3142467700627594,251.24643676917796,0
2026-05-14 15:50:00,49.05422539566784,157.28776487090022,1.1452022132511894,215.5728011149722,0
2026-05-14 16:00:00,47.67641960074145,163.76630018515252,1.0844312489288634,235.07316071168214,0
2026-05-14 16:10:00,52.520151931896244,153.69199666157203,0.8827932092122124,238.343333122651,0
2026-05-14 16:20:00,58.44282895642521,175.2792232613646,1.5100097052659187,272.3462246101257,0
2026-05-14 16:30:00,44.620168169387156,181.28241416207902,1.6222491764885694,227.92749710451739,0
2026-05-14 16:40:00,52.29413246702173,171.53925834499103,1.651340622848085,266.846216332773,0
2026-05-14 16:50:00,49.75751902186338,164.7692603179972,1.1567498529223728,257.24028977898064,0
2026-05-14 17:00:00,49.27408811675659,167.4571708655545,1.5583325669572072,236.37086107479706,0
2026-05-14 17:10:00,48.91093696278058,131.71912210660227,0.831637425244607,230.10116319442164,0
2026-05-14 17:20:00,57.861669845546416,146.83207265239201,1.05074502971904,231.8549882898345,0
2026-05-14 17:30:00,55.41996493482581,134.91046064562124,1.068957035436328,224.56376200698116,0
2026-05-14 17:40:00,50.810431487918386,177.08362561826533,0.8128649565003199,239.04530017607777,0
2026-05-14 17:50:00,47.46892289580869,141.40348069239823,1.6438066146686476,256.9784822335978,0
2026-05-14 18:00:00,54.66614078673922,162.83648786735301,1.2258970001905936,253.442834782108,0
2026-05-14 18:10:00,51.825228129725936,185.65210236495125,1.6516849679385948,236.95467420330363,0
2026-05-14 18:20:00,47.87503524702412,173.09143246981117,1.6593761841188386,242.4027905014655,0
2026-05-14 18:30:00,47.9694350018262,161.8414319998085,1.79428102366604,252.16456110385832,0
2026-05-14 18:40:00,51.34942989279876,149.32188611945872,1.6429275564984827,217.25983821420837,0
2026-05-14 18:50:00,41.72267973514216,150.4145596720761,1.3531008806111395,245.00623466277673,0
2026-05-14 19:00:00,49.27430165045128,163.68615335231158,0.6747947240019594,210.92928134598628,0
2026-05-14 19:10:00,48.616013804437785,166.10742178691387,1.0979760950431556,235.0992927002719,0
2026-05-14 19:20:00,47.18760684466083,157.62167298283288,1.2800388654792192,210.0033323345461,0
2026-05-14 19:30:00,53.51767793442344,144.67334858731095,1.602660517079931,228.16391241671806,0
2026-05-14 19:40:00,46.211663701406074,135.43061152959478,1.0484210517848562,229.61402255660505,0
2026-05-14 19:50:00,51.19828837243867,154.68953629244956,1.1677007076647967,233.99119313729534,0
2026-05-14 20:00:00,48.06706908942372,149.63211271878836,1.532317135192918,260.985974832493,0
2026-05-14 20:10:00,48.044067177840475,178.6438636514071,0.8226363439084652,231.84146054012038,0
2026-05-14 20:20:00,47.55432219552257,182.19149228539135,1.119112656285461,259.8671028282283,0
2026-05-14 20:30:00,64.32237422380629,130.06549174680956,1.346366693856846,255.5659220092953,1
2026-05-14 20:40:00,50.51442262123407,162.36877511112831,1.5248189187400532,226.72531135716304,0
2026-05-14 20:50:00,45.844941979286155,198.66576173439623,1.2540281608279282,241.8126200651117,0
2026-05-14 21:00:00,41.96410339793738,181.68075913603172,1.637348220629223,239.19728791141574,0
2026-05-14 21:10:00,42.60326228420794,154.09259323535719,0.8801028946906481,227.05443237683923,0
2026-05-14 21:20:00,45.06055748255324,175.09203824810797,0.6271438901303635,239.83690571734832,0
2026-05-14 21:30:00,47.58383164088578,162.63228074917717,1.3893747929164353,198.249082831589,0
2026-05-14 21:40:00,48.9981994415386,163.85621633189498,1.372428008997071,246.6376484503353,0
2026-05-14 21:50:00,55.26376385831163,186.78547925188036,0.6616700931216899,264.0935745870271,0
2026-05-14 22:00:00,47.59457765544703,147.43785166271303,0.9871798806024509,246.22271673649044,0
2026-05-14 22:10:00,51.88340787070469,177.1588710584505,1.0066933092442392,242.95826261152433,0
2026-05-14 22:20:00,49.847503247580796,149.44418184663982,0.8856915479798431,210.87231286116818,0
2026-05-14 22:30:00,53.03526072797908,167.80498161302012,1.6081247532824765,256.72660031707676,0
2026-05-14 22:40:00,52.53267962896546,158.4759480148419,0.583982696923389,252.21716007449814,0
2026-05-14 22:50:00,50.1556957505132,161.0324702341662,1.4411643177711664,264.413212859188,0
2026-05-14 23:00:00,49.49060307860695,198.0011109747541,1.6302799431898929,266.2756683623454,0
2026-05-14 23:10:00,59.839804047961,149.16057708971064,1.159226271446564,229.1901276657149,0
2026-05-14 23:20:00,50.54118101340974,184.98035184895292,1.4200446618658897,236.56264931819513,0
2026-05-14 23:30:00,44.28056485221576,148.9626448389086,0.8677109811805214,268.2474134773081,0
2026-05-14 23:40:00,47.085197769097576,160.43665402193923,1.4054269920865885,207.85217132021717,0
2026-05-14 23:50:00,41.6266379837937,179.10019696233064,0.9083199306588953,246.44016871719802,0
2026-05-15 00:00:00,46.75539172767074,161.06952710200198,1.6663384764483857,222.07457528379896,0
2026-05-15 00:10:00,42.64964082210921,164.28732290291597,1.47156566136533,223.87158851718365,0
2026-05-15 00:20:00,55.132225855611544,159.2809213258559,1.159058868874767,255.99542751086727,0
2026-05-15 00:30:00,61.214418079848514,160.1117609666841,0.7779532675828748,238.13667008498422,0
2026-05-15 00:40:00,51.384489757661136,173.48811725541532,1.497692255688538,243.56499074426648,0
2026-05-15 00:50:00,46.1746190004427,170.85642377079435,1.0493464220347162,263.828428352385,0
2026-05-15 01:00:00,46.26674121158884,150.01462073060137,1.2925528644376685,262.0226019211488,0
2026-05-15 01:10:00,43.59560249311131,171.57793352996322,1.131540518603156,249.66803905162104,0
2026-05-15 01:20:00,43.02356838116765,165.88215194445144,1.3146296646556095,250.29543772911725,0
2026-05-15 01:30:00,48.73628783486891,172.62083500490348,1.067099893038975,258.20834332699326,0
2026-05-15 01:40:00,55.09282516471231,169.89752445264725,0.5911744565922212,221.0173089158613,0
2026-05-15 01:50:00,47.99826410650202,169.4560685495024,1.1954713675395279,211.2320988750102,0
2026-05-15 02:00:00,41.1164096163498,152.568738153099,1.5828361954478078,239.45618091356735,0
2026-05-15 02:10:00,60.584165991315274,148.918963137514,1.3284004149892006,253.79098343912355,0
2026-05-15 02:20:00,40.495960220796945,171.14086547304498,0.9915931218287456,264.9597110223472,0
2026-05-15 02:30:00,53.05081452770545,163.6655663260737,0.9068248035889832,241.68145478771868,0
2026-05-15 02:40:00,59.582989003947624,178.53984777751725,1.0731953103465002,262.20696202588954,0
2026-05-15 02:50:00,56.010107626114035,175.0007474291736,1.4004675836120224,247.89213082426699,0
2026-05-15 03:00:00,53.95850312448694,184.1862761842097,0.7425882817440997,213.27465849153847,0
2026-05-15 03:10:00,40.11147081229721,156.0517236202222,1.6894474543455158,246.78808355228497,0
2026-05-15 03:20:00,54.09408031369144,156.42873796851995,1.0067825739989724,263.532559029551,0
2026-05-15 03:30:00,46.42765382482929,161.55571753550942,1.103809899612211,227.99870329988698,0
2026-05-15 03:40:00,49.90014829235278,147.94905137050935,1.712308266633551,248.665820643424,0
2026-05-15 03:50:00,42.76101141446559,171.3953198212282,1.086565059055643,231.98712863121713,0
2026-05-15 04:00:00,43.745120148048684,193.3831807182167,1.0997105092679433,236.25399627906296,0
2026-05-15 04:10:00,44.91291149080427,172.4534660873291,0.8317604707686936,234.56135164538452,0
2026-05-15 04:20:00,59.591365785237144,180.53822394928778,0.8524717866307814,242.0011002939419,0
2026-05-15 04:30:00,45.47101917202884,151.8151578170453,1.7721544473892048,215.48527988704632,0
2026-05-15 04:40:00,43.08181303098313,174.19850715396083,1.3635260075702456,258.9304808354156,0
2026-05-15 04:50:00,37.943240499866604,165.2308829006733,1.3907283308253586,261.29005588324793,0
2026-05-15 05:00:00,59.10744141425069,138.2448788000547,1.1896849995879117,260.60495240639955,0
2026-05-15 05:10:00,53.38691320748834,158.5359872962542,0.2813316020118044,221.62899733328658,0
2026-05-15 05:20:00,47.2907747538212,149.30037640858092,1.8985021801837871,253.10783349484828,0
2026-05-15 05:30:00,37.748630397306826,183.1039217405878,0.6888220341188319,259.7271978262817,0
2026-05-15 05:40:00,44.60021824617513,125.74422355069362,1.151760066328643,248.67669081592166,0
2026-05-15 05:50:00,46.03029543039954,151.3854943587824,0.996956064260976,224.2833881049792,0
2026-05-15 06:00:00,60.23046519871589,162.9281414444414,1.4074758276233954,229.95092897907256,0
2026-05-15 06:10:00,45.5528254603781,146.76348470522714,0.9546231666114147,268.2774723930511,0
2026-05-15 06:20:00,53.297476293983465,180.18550536769598,1.0208188764976491,237.6539558127376,0
2026-05-15 06:30:00,41.375230556978295,177.73136289225084,1.1707727819547935,225.82256015955022,0
2026-05-15 06:40:00,48.22587774042112,167.17867371898032,1.4707318073461944,224.47966759186338,0
2026-05-15 06:50:00,55.1183440789473,152.9094703786215,1.1091950724214255,227.59427985631208,0
2026-05-15 07:00:00,46.88005726165261,145.89217818662735,1.0534046732029894,251.56362296709423,0
2026-05-15 07:10:00,42.868661990889294,165.83194845375897,0.6740788320124644,199.88795191491522,0
2026-05-15 07:20:00,53.79073656503674,168.00998761062073,0.6816948721928585,212.4497243952866,0
2026-05-15 07:30:00,52.956927678427405,165.50646738758263,0.7677761409328735,209.10783624725963,0
2026-05-15 07:40:00,51.497072614576936,158.58801271524737,1.0666459108309077,253.53689949364758,0
2026-05-15 07:50:00,55.637817654858054,166.99822272087746,1.3864126761304427,219.15231138404945,0
2026-05-15 08:00:00,47.63928835499661,154.24052768416226,0.92856940438762,202.60986623381578,0
2026-05-15 08:10:00,51.892925291388174,166.47375081691672,1.5044469866910641,235.36863214584778,0
2026-05-15 08:20:00,44.37350136972331,165.64441292599622,1.5641537841693187,246.73020785662854,0
2026-05-15 08:30:00,48.680550311682104,157.82288200621335,1.137683372580196,227.16947788119376,0
2026-05-15 08:40:00,50.33994362808546,146.33762609426364,1.5347207155407712,228.35456987669352,0
2026-05-15 08:50:00,39.1226646232295,151.70860084194317,1.0327858612538086,264.41466072183937,0
2026-05-15 09:00:00,46.98583771699582,167.21086322359275,0.5141061188953733,269.1544622878623,0
2026-05-15 09:10:00,53.532717043236815,168.0408607567074,1.621655289329187,246.38545299218498,0
2026-05-15 09:20:00,42.013169224253495,174.5036157834353,0.9532218679784119,230.67331774882655,0
2026-05-15 09:30:00,46.428869142300286,158.54669694140165,1.6560871973033735,252.6479161015848,0
2026-05-15 09:40:00,50.545153454499776,148.88500350718877,0.9297351061153494,242.3835702272293,0
2026-05-15 09:50:00,65.18723266964261,141.7985721488776,0.5251034824918944,239.08001565411914,1
2026-05-15 10:00:00,54.90631976136722,162.05116213656413,1.2607006255756477,262.01852141399723,0
2026-05-15 10:10:00,47.2672496364972,195.48025546532455,0.635659784595964,212.32898179318283,0
2026-05-15 10:20:00,42.139751884408184,148.98761366443995,1.4235603104226193,242.43579041158233,0
2026-05-15 10:30:00,48.19799591614033,164.4018811665957,0.8078379154069868,242.16953403629543,0
2026-05-15 10:40:00,50.16131041152542,148.65655196091325,1.1203953722921716,290.4923346468257,0
2026-05-15 10:50:00,55.49007877726583,178.80560895418813,1.6309506678650587,229.68133848735488,0
2026-05-15 11:00:00,47.34080763880175,159.03160998149713,0.990414777074213,255.649601475047,0
2026-05-15 11:10:00,54.20894902350861,189.76982280678638,1.448577435105963,243.85505355059797,0
2026-05-15 11:20:00,55.544592939709744,164.28673579102878,1.4922453013856434,238.01966257654985,0
2026-05-15 11:30:00,48.80473494610318,156.67070590995573,0.9847648617732487,243.67770383794107,0
2026-05-15 11:40:00,53.91366440695124,157.8147260637283,1.2296740935191557,275.54278767647236,0
2026-05-15 11:50:00,48.163192178177404,130.54141417654947,1.5349715975309963,244.93748811181513,0
2026-05-15 12:00:00,50.13837906200275,159.01553458969084,1.1859743559904707,219.13981755801302,0
2026-05-15 12:10:00,42.39856597138399,172.84579313384347,1.5129088422456722,222.7203032450208,0
2026-05-15 12:20:00,50.23086603189624,153.34540331710983,1.6035118900447214,266.82326871470394,0
2026-05-15 12:30:00,54.30211271436099,162.35657572802234,1.4977891847169462,239.51043465892744,0
2026-05-15 12:40:00,52.91226872003974,148.28766265799902,1.4633914789589688,256.7490387032758,0
2026-05-15 12:50:00,48.79094405591325,159.16135312025102,1.5518202744475338,221.53572388499853,0
2026-05-15 13:00:00,55.054337994674675,150.93943152237154,0.9844048728068805,232.2877888604286,0
2026-05-15 13:10:00,47.04584268929353,175.31216518358417,1.2317388166580343,208.12515817937606,0
2026-05-15 13:20:00,48.84610690528418,146.05865598219114,0.9228508911624582,268.1524088939764,0
2026-05-15 13:30:00,43.17293298745142,157.75067520698363,1.104910422158163,213.0906231799782,0
2026-05-15 13:40:00,53.40878904420439,208.6104701748814,1.0726787100768185,252.69796818044526,0
2026-05-15 13:50:00,47.84249955590827,165.28936106176607,1.4236117453111135,224.16882304545064,0
2026-05-15 14:00:00,51.173318688204624,159.62427590973186,1.102455588808555,242.89810340646542,0
2026-05-15 14:10:00,50.96732706606038,150.47353580448672,1.480393455976401,244.22609030204646,0
2026-05-15 14:20:00,49.97663469179661,156.27164682578842,0.3841152279713137,231.1723817399396,0
2026-05-15 14:30:00,51.54335630563379,157.7742820407752,1.7024365926125669,231.48539717398393,0
2026-05-15 14:40:00,53.75063295459286,181.2605831870141,1.0193314482401412,230.72993003841987,0
2026-05-15 14:50:00,49.564436570048706,179.69118418930543,0.5865960812971537,258.15002223422096,0
2026-05-15 15:00:00,52.775211144584866,184.2837021118437,1.3842800883245414,269.6327520321058,0
2026-05-15 15:10:00,50.87223162596729,139.26317653166436,1.4426223740200326,197.6901535685616,0
2026-05-15 15:20:00,52.918772781571704,157.17148211043056,1.3782914013421999,237.5197987350618,0
2026-05-15 15:30:00,48.778194895968156,134.481769219619,1.7885392862086331,227.4581993101347,0
2026-05-15 15:40:00,55.20527874624951,204.6798416721739,1.153119865392823,249.72011849026464,0
2026-05-15 15:50:00,53.146182704736994,166.99390774038673,1.172236172067933,250.14993165257832,0
2026-05-15 16:00:00,45.78223998703759,146.39810391304175,1.23344169393744,245.64647386524655,0
2026-05-15 16:10:00,49.18768199531797,151.98890028368203,0.8784930221370086,265.74396097118245,0
2026-05-15 16:20:00,46.260054764747636,177.06028436076028,0.9048290669090653,226.3768506532657,0
2026-05-15 16:30:00,41.04595416319594,101.20178867169983,1.570999212552577,235.74421363422354,0
2026-05-15 16:40:00,48.93889863860359,142.72867322089172,1.3102783568822487,281.7993220021435,0
2026-05-15 16:50:00,56.65048167305892,147.59397103820072,1.0196302099752703,220.5681614668713,0
2026-05-15 17:00:00,53.41605625902316,130.13062697309806,1.242738371689144,275.9560012768883,0
2026-05-15 17:10:00,49.95508717544867,171.93412960113338,1.5081353909900312,260.98376297456474,0
2026-05-15 17:20:00,52.14846534141035,146.28467805487603,1.0334962513951877,221.58478916515762,0
2026-05-15 17:30:00,53.312037592077914,154.7744845177643,1.1715483868894456,235.3866898478205,0
2026-05-15 17:40:00,56.11728615047699,172.97050611529258,1.4656060918801037,245.92245053845392,0
2026-05-15 17:50:00,54.211119555623725,163.83370996626644,1.5170081700945006,241.11184335764148,0
2026-05-15 18:00:00,60.66568351114766,177.0962532806656,0.46470133794318047,263.96866133853246,0
2026-05-15 18:10:00,55.7964241572887,191.17158592197583,0.8692213848558026,238.9836793864365,0
2026-05-15 18:20:00,41.305516611604446,164.35448963417855,1.542626534663643,221.2443272672353,0
2026-05-15 18:30:00,50.67009783180406,161.11871733723063,0.8925862292129216,252.16076814049774,0
2026-05-15 18:40:00,55.20023450978391,180.7350147917805,1.1993816681044083,209.2577933106972,0
2026-05-15 18:50:00,48.998453030722104,122.22189490638831,1.705439553681257,186.99450093896797,0
2026-05-15 19:00:00,42.19891871751504,149.56574844894772,1.3663098632047697,241.1476543193215,0
2026-05-15 19:10:00,50.25167990270051,161.78743444409773,1.2770704678760099,224.80766437332971,0
2026-05-15 19:20:00,46.943663349457495,132.54983312816074,1.2745643839350016,252.2968930802369,0
2026-05-15 19:30:00,38.84481473510807,167.47721220357775,1.199554606733736,229.26439403312435,0
2026-05-15 19:40:00,49.372736249233604,178.1663175148444,1.2852900281977253,223.26511767355382,0
2026-05-15 19:50:00,55.416259502599466,153.09292757421522,1.5582151962554143,215.3593890332874,0
2026-05-15 20:00:00,53.57725604619863,140.6627947609022,0.796119438705575,244.67121802574036,0
2026-05-15 20:10:00,53.537559317232585,157.03239613402968,1.1623342491841873,250.31198367542964,0
2026-05-15 20:20:00,50.8622682460454,159.15461096878946,1.265050742520509,222.12998966364194,0
2026-05-15 20:30:00,44.6884645617645,140.4789515714971,1.349096321599838,220.7433647198241,0
2026-05-15 20:40:00,56.180567254256644,129.00885831653397,1.2543624200868952,249.77084210195548,0
2026-05-15 20:50:00,48.881608773313445,142.32065372765163,1.0597107491069941,252.16361462263345,0
2026-05-15 21:00:00,46.975066769709414,128.07621814874602,1.664570422181614,217.37611401431627,0
2026-05-15 21:10:00,50.93121526760911,150.8235251993901,1.4606343108479747,264.78208326652,0
2026-05-15 21:20:00,58.69024626877899,167.26130158304179,1.2677594841161264,245.05287657840296,0
2026-05-15 21:30:00,52.565356958592005,176.31005660642168,1.3248785253562705,236.40532670620846,0
2026-05-15 21:40:00,51.785211935025366,185.0738882883673,1.7832303999487098,249.30973330068176,0
2026-05-15 21:50:00,45.46952568294245,150.5149535883808,1.2635045159242992,220.41431928677605,0
2026-05-15 22:00:00,59.801674921722054,140.57086589656245,1.3359018047966713,257.8182334173777,0
2026-05-15 22:10:00,54.54198025669558,159.84745699249865,0.9176742190837439,273.6769852791311,0
2026-05-15 22:20:00,58.227100056320495,126.75123681491834,1.4278423446651627,213.27525825456163,0
2026-05-15 22:30:00,59.25896556134507,146.94259060046815,1.2047537226899712,219.05675657690796,0
2026-05-15 22:40:00,44.075655431208524,170.54060611199475,0.8418711359063324,241.59635129280335,0
2026-05-15 22:50:00,54.49064735521095,139.93538986804722,1.905713066402203,202.8790425316329,0
2026-05-15 23:00:00,53.999728270944864,143.69143052013322,1.1507316704448671,234.11619825439743,0
2026-05-15 23:10:00,40.95796494754663,150.17150252790043,1.449045559706794,227.27016340152989,0
2026-05-15 23:20:00,51.824086904290525,152.85739424838317,0.936974034779638,255.23259999598048,0
2026-05-15 23:30:00,47.735344541087635,199.4273620102761,1.7221184527993656,283.0229549338203,0
2026-05-15 23:40:00,40.04901316062309,151.13697242235827,1.4058588323683847,274.17844247675833,0
2026-05-15 23:50:00,53.99880607252938,162.97642922739067,0.8315222581729059,227.77222835539558,0
2026-05-16 00:00:00,49.01656436815333,161.40259136173734,0.9920451617726225,211.57382490748796,0
2026-05-16 00:10:00,49.71195077790696,154.43016857741955,0.7327908660996676,269.03702553152567,0
2026-05-16 00:20:00,53.80009576976374,153.89798699879552,1.0457934795246464,236.47119660252227,0
2026-05-16 00:30:00,50.41164482969989,171.51022646567063,1.868772376985996,226.44233706103694,0
2026-05-16 00:40:00,52.25852823229746,168.28411355395403,0.46882237038142915,215.1593939238847,0
2026-05-16 00:50:00,43.753596870032624,156.0508335292049,0.5396328948587283,222.05507522769423,0
2026-05-16 01:00:00,53.965110044258104,180.8438711209692,0.9249960549374023,242.50477214803058,0
2026-05-16 01:10:00,48.196610739903726,164.91871372933196,1.087195391803153,246.407715147414,0
2026-05-16 01:20:00,44.87655388937963,152.38090787568197,1.2116721186018458,252.64504531652824,0
2026-05-16 01:30:00,48.19034250243211,170.24689187990518,0.8132722767787371,250.54308280831174,0
2026-05-16 01:40:00,53.77374762243919,173.25401454436516,1.4003372800910117,264.1916026025806,0
2026-05-16 01:50:00,42.691055323945506,146.0235962850767,1.1823153707197749,251.89932185816258,0
2026-05-16 02:00:00,53.423666186639714,160.9912390501423,0.7653325187865989,229.1722585515764,0
2026-05-16 02:10:00,48.096244482152905,158.49705639242708,1.3325422295919773,251.59080025823982,0
2026-05-16 02:20:00,59.37403277490993,198.79786944387607,1.2577542550670235,258.212909933704,0
2026-05-16 02:30:00,53.64554539808767,171.44265303844531,1.1732007155824637,208.72414471614763,0
2026-05-16 02:40:00,51.64481117002627,154.15207476159435,0.7220092072858425,255.96204923342367,0
2026-05-16 02:50:00,54.101041777871494,166.3086851594227,1.2221390362592472,245.91053067099082,0
2026-05-16 03:00:00,47.39352777236541,190.81060754777232,0.9044824231514332,230.22645511612225,0
2026-05-16 03:10:00,52.39135880323643,142.04322507892493,0.7958656491071956,233.78127862361134,0
2026-05-16 03:20:00,49.03201792884075,173.0839603601717,1.1611980990468496,240.2896702458702,0
2026-05-16 03:30:00,47.2251725226055,175.53622390872275,1.0862064031525267,247.66139824496616,0
2026-05-16 03:40:00,51.2918953920007,154.38358627286414,1.4835492630978186,254.1618877856231,0
2026-05-16 03:50:00,49.378897282807735,176.50775977979976,1.1504450670989088,227.51658924419468,0
2026-05-16 04:00:00,56.76776136004802,155.2581692358657,2.103639065008836,263.8915297526336,1
2026-05-16 04:10:00,51.5702632032813,165.99131215748415,1.999142318460576,252.86699258130093,0
2026-05-16 04:20:00,51.72613323467658,172.48867775850957,0.9276279887872821,240.67866513470156,0
2026-05-16 04:30:00,49.156567437538506,154.26622882696213,0.8622997067466023,245.2015461002008,0
2026-05-16 04:40:00,56.46456541244505,158.55348101120654,1.4003875144045015,218.9081343404502,0
2026-05-16 04:50:00,40.66430075126571,173.82598478524807,1.0822384849489939,260.57172099696515,0
2026-05-16 05:00:00,40.71130244751858,154.31769719504328,1.3843201280744513,264.97008055802905,0
2026-05-16 05:10:00,44.07771056796845,135.54369099803517,0.753770794612294,219.51157698931635,0
2026-05-16 05:20:00,50.09606699702403,140.9618974244545,1.4081974041121224,253.69025670232506,0
2026-05-16 05:30:00,40.07534306080929,182.34689306166337,1.3763951831645544,266.55874917857597,0
2026-05-16 05:40:00,44.683130357756774,161.0255878472595,1.1482221721533845,218.85419722167458,0
2026-05-16 05:50:00,53.42857080377275,172.71023268406313,1.3696675581756732,230.51381434427935,0
2026-05-16 06:00:00,52.68465853566552,154.34097786438272,0.8892584432474043,250.01684015755006,0
2026-05-16 06:10:00,42.649935191936734,127.90421408333502,1.0995185263437166,260.6989519723099,0
2026-05-16 06:20:00,53.50954779035606,150.98270710970684,0.9710295783909717,195.51111329521157,0
2026-05-16 06:30:00,57.75112973453966,141.89979206091786,1.4506939662091598,236.58145813717672,0
2026-05-16 06:40:00,60.77976667325969,160.52162288635495,0.8448889346500508,231.70877699891696,0
2026-05-16 06:50:00,50.88716213306194,175.14149831342291,0.7699048503397954,216.56862177627548,0
2026-05-16 07:00:00,51.48294214257921,158.61916355635577,1.0211481971287741,253.22826241240517,0
2026-05-16 07:10:00,49.499044937765994,136.77621849239267,1.7198610621223518,234.36312403372298,0
2026-05-16 07:20:00,58.516934143740365,153.00289466699513,1.0260276701859032,183.8532217103796,0
2026-05-16 07:30:00,52.6500418151577,162.91948145435947,1.1025903452200378,245.08673033875644,0
2026-05-16 07:40:00,45.298227055489626,160.73311845052717,0.9123093782621868,256.6999692108754,0
2026-05-16 07:50:00,54.23566078594924,152.36289265252864,1.4620460589485835,232.12888045747346,0
2026-05-16 08:00:00,46.93173120917702,156.59524835146007,1.0274717425763238,228.04463210089784,0
2026-05-16 08:10:00,52.987424551513044,175.27614682081781,0.9167803488763981,224.79221641344978,0
2026-05-16 08:20:00,43.61730649103221,164.8522424908031,1.332797872907213,241.8983953345721,0
2026-05-16 08:30:00,49.43098992165993,142.26063539794316,1.0904293721759368,219.28409803006355,0
2026-05-16 08:40:00,62.23143089510305,140.64368991191338,0.9331664318788233,255.6471197571842,0
2026-05-16 08:50:00,44.01531412979002,167.8575445152925,1.2693411915409265,239.3277649499197,0
2026-05-16 09:00:00,51.19039719775244,172.55485258035222,1.3654013224697013,233.7370378701514,0
2026-05-16 09:10:00,55.85062047393749,178.85889003542903,1.443033513895253,218.35938990762267,0
2026-05-16 09:20:00,48.83463082354901,165.23963170640195,1.2292673513077927,228.76738856299295,0
2026-05-16 09:30:00,55.41323705355623,166.80776930393745,1.466704322847883,183.971159358514,0
2026-05-16 09:40:00,52.3744090709451,164.5945930442236,1.005842139555492,247.3703499491388,0
2026-05-16 09:50:00,46.935785583866725,155.71180117739243,1.3196548522997091,253.6438794125647,0
2026-05-16 10:00:00,46.05087876110045,142.03557771688608,0.8254842773691395,227.9188804303853,0
2026-05-16 10:10:00,51.020456363386415,172.60895808414804,0.6999145889623661,277.4213811504386,0
2026-05-16 10:20:00,41.036787936617046,153.15345323061797,1.0638302674416211,241.8729948316151,0
2026-05-16 10:30:00,43.5879270366583,177.38963792452574,1.3422705897817924,247.88338048716463,0
2026-05-16 10:40:00,50.989470584323044,154.70221500832918,1.2208474970948837,219.61658025992816,0
2026-05-16 10:50:00,43.89419076633537,144.2206346355117,1.0177275937563621,224.9099376124532,0
2026-05-16 11:00:00,48.743262161718114,166.0095444522266,0.637542458097505,235.79991223351809,0
2026-05-16 11:10:00,43.91030198429141,158.26118696613662,0.9953435028413238,274.01753672952435,0
2026-05-16 11:20:00,56.26457350202265,143.6314058630255,1.5585864713836992,233.46844514746672,0
2026-05-16 11:30:00,54.513009017323185,133.10229017961188,1.4501343745880988,231.23033512329744,0
2026-05-16 11:40:00,52.26035095599098,166.74658996363027,1.1923366419169215,244.38065545641265,0
2026-05-16 11:50:00,50.95403026542987,151.75033183376937,1.2577779564759994,259.04726167313635,0
2026-05-16 12:00:00,47.325049123925126,165.5373595366014,1.006536620956944,239.6833674003108,0
2026-05-16 12:10:00,44.19610947738759,164.2589382975053,1.3601529368763237,224.47860526991005,0
2026-05-16 12:20:00,60.64509476017122,169.2589875340443,1.311459458448882,240.52952072278663,0
2026-05-16 12:30:00,53.09530409371875,157.9974562537085,0.7500637978983904,230.1039048025189,0
2026-05-16 12:40:00,49.188233202388616,164.1859226651702,0.9612749581168016,239.06509835086135,0
2026-05-16 12:50:00,52.23493029230445,148.94720533522727,1.7373339371090304,251.58716966328777,0
2026-05-16 13:00:00,54.80662643362226,181.77321051873292,1.2806738449285475,241.1872733333606,0
2026-05-16 13:10:00,56.570861225251605,153.81891407090134,1.5207393990968892,255.59332724370415,0
2026-05-16 13:20:00,58.45328617795722,178.55326016357878,1.2963155789382645,249.9118422033372,0
2026-05-16 13:30:00,53.71965919657114,163.0325924318785,0.9039001382115885,234.98822309377582,0
2026-05-16 13:40:00,45.88103343095921,171.89350559688185,1.3917308465973584,230.7575825263975,0
2026-05-16 13:50:00,50.40921653671324,184.41945532338787,1.3826503507763832,262.12099422622015,0
2026-05-16 14:00:00,52.548597340013345,149.89395665812145,1.5116192628080307,271.759970480231,0
2026-05-16 14:10:00,49.595484639925886,175.08304008245813,1.458440163472092,222.02499877106044,0
2026-05-16 14:20:00,50.428022642320286,153.53325759227798,0.8974576281526228,238.6692633940896,0
2026-05-16 14:30:00,34.514306867445384,166.79956467560598,1.3751116052144117,241.61324883850176,0
2026-05-16 14:40:00,58.421248411952014,157.22084026792209,1.6570421583813535,203.28806772128425,0
2026-05-16 14:50:00,49.200663992708904,164.69624182073085,0.7457474803633231,239.77217389037077,0
2026-05-16 15:00:00,58.63935573958523,142.55969883963346,1.234277308143513,239.75957951565027,0
2026-05-16 15:10:00,54.752981845361035,170.04753516000977,1.2120347942388554,261.78203959999627,0
2026-05-16 15:20:00,52.06859571520488,147.7966097176,0.8876495307137531,255.34113755610312,0
2026-05-16 15:30:00,60.24098176526192,167.12975947826405,1.0572074877427649,265.8171268146785,0
2026-05-16 15:40:00,46.53002387074219,161.78630486670895,1.3375408782361202,245.33139606769927,0
2026-05-16 15:50:00,63.88890371076759,157.29259926173154,1.7742593183894124,265.3086151323905,1
2026-05-16 16:00:00,50.483518019166404,174.3859706470024,1.1653100525606437,212.43017844486633,0
2026-05-16 16:10:00,40.684140844750104,179.174272489828,1.2265196749750669,246.10953093850608,0
2026-05-16 16:20:00,46.449558311475776,184.1360136742327,1.0490167828623305,231.66128723394831,0
2026-05-16 16:30:00,50.61185184082546,119.73035953519208,0.5719587422428069,210.9820774674715,0
2026-05-16 16:40:00,40.84151981459035,178.32860457555324,1.1461414918658919,250.17370029732604,0
2026-05-16 16:50:00,49.303513096699675,163.1557943274475,0.9397592053121866,232.13135189862828,0
2026-05-16 17:00:00,47.67785763589579,160.0163260755423,1.501806236463127,238.0932109487713,0
2026-05-16 17:10:00,46.405116472759566,190.20984386566664,0.7022071488665571,218.07973992128296,0
2026-05-16 17:20:00,47.19659711912691,184.91275685756216,0.8734533715529473,213.83015913351284,0
2026-05-16 17:30:00,46.01794251724042,186.02756945008636,1.3696606574427266,284.10630807233696,0
2026-05-16 17:40:00,51.01119453540353,154.49991964874647,1.13846313166332,243.60026552222658,0
2026-05-16 17:50:00,51.4158911715039,175.30523560467736,1.2783564179257936,224.54585510083317,0
2026-05-16 18:00:00,49.31534324200904,131.71094520083284,1.3877115738410266,206.64072954034776,0
2026-05-16 18:10:00,50.32411011963322,147.5117550953798,0.9875540022234064,230.0191139639163,0
2026-05-16 18:20:00,51.54517617919904,155.07340263558245,1.3094627865913089,232.99678766119214,0
2026-05-16 18:30:00,52.84917826397558,157.83578874239757,1.1364451678831144,213.053602101924,0
2026-05-16 18:40:00,51.139657858637584,146.28961694153298,1.0082669342448407,240.57517206291354,0
2026-05-16 18:50:00,59.37814345206336,185.66703259035157,1.1392571984137818,229.50924000440517,0
2026-05-16 19:00:00,58.60311065807577,160.6227055445609,1.5691441845392249,252.55260030810032,0
2026-05-16 19:10:00,44.75260813873953,144.7053710868024,0.7926843087845429,235.9065043297451,0
2026-05-16 19:20:00,44.673583331255344,143.07786669692976,2.207176410203022,246.10918397939142,1
2026-05-16 19:30:00,44.82503607254648,163.94371316734382,1.6321761796955372,248.88921389329875,0
2026-05-16 19:40:00,53.88364010582446,156.3740948125471,1.0233127309113765,240.08558372300539,0
2026-05-16 19:50:00,46.997636600542435,168.9293832642762,1.1523146900015229,240.12524141242113,0
2026-05-16 20:00:00,55.951386847941144,152.875117467304,1.0962169975449385,275.19130195449003,0
2026-05-16 20:10:00,45.3602736381624,169.88406823236508,1.2608683496844844,254.92485042595516,0
2026-05-16 20:20:00,42.79740791310407,178.7446501032865,1.2402481201906028,274.50051618637656,0
2026-05-16 20:30:00,41.319854508610106,149.40837315525454,1.5986390655596254,221.24723794277642,0
2026-05-16 20:40:00,41.65279342877066,172.61651641435668,1.6588605767293614,215.82422477598405,0
2026-05-16 20:50:00,47.90898148944561,165.40310351127602,1.5316752087066718,247.34354112287585,0
2026-05-16 21:00:00,60.28500141670621,167.01469592729487,1.1479808589002416,240.13957727970865,0
2026-05-16 21:10:00,53.61332332723679,142.50627444809302,1.2508857260414512,221.9656493148404,0
2026-05-16 21:20:00,50.63875899425209,177.6699038064207,0.9948068793061171,218.3163109469317,0
2026-05-16 21:30:00,46.420307238098786,179.32351860556247,1.0154395016959805,253.82268983012494,0
2026-05-16 21:40:00,48.31200378726961,137.10369740357473,1.6446110710834594,248.93923794109617,0
2026-05-16 21:50:00,46.065474503259615,171.89647984603872,1.3779807521344762,210.3605173380645,0
2026-05-16 22:00:00,47.980030114971726,223.90932245996493,0.9211333755546066,270.61177078400857,0
2026-05-16 22:10:00,50.99240984806982,160.65906509988923,1.528886396545054,263.63083177696944,0
2026-05-16 22:20:00,53.23021935414553,179.31468966677483,1.2536396669342516,249.99904497845378,0
2026-05-16 22:30:00,48.194467200155266,163.1626305891504,1.6116965694799599,225.17366379980848,0
2026-05-11 09:20:00,48.602448927382085,166.1911390044241,1.584347551632678,224.65656935511822,0
2026-05-11 09:30:00,55.313552080705364,151.011447787635,1.2276601981182524,227.70936835785704,0
2026-05-11 09:40:00,58.760072113378214,159.35699002475843,1.171698314448024,224.44886518013692,0
2026-05-11 09:50:00,53.4777336227289,159.07920855415927,0.9253815406994688,231.8138572969762,0
2026-05-11 10:00:00,50.768304170090815,179.36829157568854,1.3348194720643443,235.40971955382986,0
2026-05-11 10:10:00,50.838191220583255,170.38209729022967,1.346339533348143,244.49045091064622,0
2026-05-11 10:20:00,46.17034962685002,167.24133768891423,0.6877034902090979,260.60189971250355,0
2026-05-11 10:30:00,54.8114958507515,155.65945999390172,1.5565771838296556,234.48337551543784,0
2026-05-11 10:40:00,54.51412929616573,173.33239106790353,1.4422792031532825,242.2613853516911,0
2026-05-11 10:50:00,47.31045421524229,173.68315676618244,1.5400151199872862,215.20496306673022,0
